B_id,Bprime_id,seed,iteration,tercile,Bprime_seed,Bprime_iteration,type_jaccard,B_fail_underPB,Bprime_fail_underPB,parent_B_sum,parent_Bp_sum,B_ids,Bprime_ids
s4_it63,s4_it47,4,63,2,4,47,0.4,3,3,0.75,1.3333,"[133, 35, 112]","[15, 74, 140]"
s1_it24,s1_it23,1,24,1,1,23,0.2,2,3,1.5,1.8167,"[11, 47, 136]","[13, 147, 122]"
s0_it26,s0_it20,0,26,1,0,20,0.3,3,3,1.0833,1.3333,"[104, 15, 133]","[74, 39, 2]"
s0_it11,s0_it3,0,11,0,0,3,0.25,2,3,1.6667,1.3333,"[139, 47, 22]","[46, 136, 142]"
s3_it8,s3_it10,3,8,0,3,10,0.2222,3,3,1.1,0.75,"[14, 23, 106]","[128, 137, 62]"
s3_it41,s3_it30,3,41,2,3,30,0.4,3,3,0.6,1.1333,"[76, 60, 34]","[89, 52, 74]"
s4_it62,s4_it46,4,62,2,4,46,0.25,2,3,1.8,0.5,"[131, 36, 52]","[92, 133, 56]"
s7_it40,s7_it38,7,40,2,7,38,0.3,2,3,2.3333,1.25,"[146, 53, 37]","[104, 122, 39]"
s5_it31,s5_it29,5,31,1,5,29,0.375,2,3,2.0,0.8333,"[75, 77, 101]","[39, 94, 43]"
s6_it50,s6_it43,6,50,2,6,43,0.4167,3,3,1.1,1.0,"[66, 124, 20]","[103, 104, 92]"
s3_it16,s3_it26,3,16,1,3,26,0.2857,1,3,2.5,1.0667,"[103, 83, 21]","[136, 13, 72]"
s5_it36,s5_it29,5,36,1,5,29,0.1111,1,3,2.5,0.8333,"[23, 118, 80]","[39, 94, 43]"
s3_it38,s3_it30,3,38,2,3,30,0.3333,2,3,2.1667,1.5167,"[93, 50, 54]","[89, 52, 74]"
s2_it11,s2_it8,2,11,0,2,8,0.4,2,3,1.9167,1.1333,"[1, 2, 27]","[60, 69, 76]"
s7_it31,s7_it38,7,31,2,7,38,0.2,2,3,2.0,1.5833,"[40, 140, 68]","[104, 122, 39]"
s1_it8,s1_it5,1,8,0,1,5,0.8333,3,3,1.5,0.75,"[105, 18, 125]","[62, 33, 128]"
s5_it21,s5_it9,5,21,0,5,9,0.5,1,3,2.5,1.0,"[12, 78, 82]","[68, 4, 31]"
s2_it41,s2_it29,2,41,2,2,29,0.3333,2,3,2.0,1.25,"[30, 22, 71]","[140, 144, 63]"
s7_it35,s7_it38,7,35,2,7,38,0.375,2,3,1.6667,1.3333,"[147, 47, 144]","[104, 122, 39]"
s5_it50,s5_it47,5,50,2,5,47,0.2222,3,3,1.4333,0.4,"[7, 135, 91]","[97, 145, 120]"
s6_it30,s6_it21,6,30,1,6,21,0.4286,2,3,1.0,0.9167,"[133, 86, 117]","[100, 97, 43]"
s4_it44,s4_it46,4,44,2,4,46,0.1,3,3,1.0,0.5,"[6, 54, 67]","[92, 133, 56]"
s3_it33,s3_it30,3,33,2,3,30,0.1111,2,3,1.5,1.2667,"[133, 80, 55]","[89, 52, 74]"
s3_it18,s3_it26,3,18,1,3,26,0.5714,2,3,1.6667,0.9333,"[57, 48, 39]","[136, 13, 72]"
s3_it17,s3_it26,3,17,1,3,26,0.3333,2,3,1.5,0.2,"[37, 45, 24]","[136, 13, 72]"
s5_it18,s5_it9,5,18,0,5,9,0.5,2,3,2.0,1.0,"[141, 54, 74]","[68, 4, 31]"
s3_it9,s3_it8,3,9,0,3,8,0.2,2,3,2.0,0.9,"[95, 67, 28]","[14, 23, 106]"
s2_it18,s2_it22,2,18,1,2,22,0.625,2,3,2.1667,1.6,"[105, 73, 84]","[26, 70, 52]"
s5_it14,s5_it9,5,14,0,5,9,0.5,2,3,2.3333,1.25,"[138, 144, 64]","[68, 4, 31]"
s0_it23,s0_it20,0,23,1,0,20,0.4,2,3,1.75,1.0833,"[83, 49, 112]","[74, 39, 2]"
s4_it28,s4_it24,4,28,1,4,24,0.1429,1,3,2.6667,0.9,"[83, 10, 142]","[137, 98, 120]"
s5_it46,s5_it29,5,46,1,5,29,0.3,3,3,1.6667,1.0833,"[3, 139, 26]","[39, 94, 43]"
s0_it10,s0_it3,0,10,0,0,3,0.3333,3,3,0.9333,1.3333,"[58, 3, 19]","[46, 136, 142]"
s5_it13,s5_it9,5,13,0,5,9,0.5,2,3,2.1667,1.5,"[9, 72, 109]","[68, 4, 31]"
s4_it29,s4_it24,4,29,1,4,24,0.2857,3,3,0.9167,0.9,"[33, 96, 29]","[137, 98, 120]"
s4_it6,s4_it1,4,6,0,4,1,0.2222,2,3,1.6667,0.7333,"[94, 131, 46]","[13, 136, 91]"
s6_it27,s6_it21,6,27,1,6,21,0.3333,1,3,2.3333,0.8333,"[28, 61, 48]","[100, 97, 43]"
s1_it35,s1_it31,1,35,2,1,31,0.3333,2,3,2.1667,1.0,"[37, 132, 113]","[64, 42, 15]"
s6_it36,s6_it21,6,36,1,6,21,0.4286,2,3,1.5,1.0833,"[65, 135, 106]","[100, 97, 43]"
s4_it14,s4_it1,4,14,0,4,1,0.2857,1,3,2.0,0.5333,"[62, 61, 116]","[13, 136, 91]"
s3_it19,s3_it26,3,19,1,3,26,0.5556,2,3,2.1,0.7333,"[96, 2, 7]","[136, 13, 72]"
s7_it25,s7_it14,7,25,1,7,14,0.3,3,2,1.0667,1.9333,"[115, 139, 36]","[60, 78, 3]"
s7_it14,s7_it15,7,14,1,7,15,0.3333,3,3,1.4333,0.5,"[60, 78, 3]","[66, 42, 100]"
s5_it69,s5_it47,5,69,2,5,47,0.2857,3,2,1.0,1.4,"[106, 123, 0]","[97, 145, 120]"
s7_it21,s7_it14,7,21,1,7,14,0.2,1,3,2.0,0.7333,"[88, 35, 48]","[60, 78, 3]"
s5_it10,s5_it9,5,10,0,5,9,0.25,1,3,2.5,1.5,"[87, 103, 132]","[68, 4, 31]"
s1_it4,s1_it5,1,4,0,1,5,0.3333,1,3,2.5,0.5,"[121, 9, 108]","[62, 33, 128]"
s7_it5,s7_it2,7,5,0,7,2,0.4286,2,3,1.6667,1.1667,"[89, 83, 99]","[25, 27, 33]"
s2_it12,s2_it8,2,12,0,2,8,0.3636,2,3,1.7333,1.2667,"[77, 13, 15]","[60, 69, 76]"
s5_it6,s5_it9,5,6,0,5,9,0.2222,3,3,0.0,1.5,"[92, 149, 34]","[68, 4, 31]"
s7_it30,s7_it38,7,30,2,7,38,0.4444,1,3,2.6,1.5833,"[58, 136, 59]","[104, 122, 39]"
s4_it51,s4_it46,4,51,2,4,46,0.4444,3,3,1.3333,0.25,"[144, 43, 2]","[92, 133, 56]"
s1_it1,s1_it5,1,1,0,1,5,0.3333,2,3,1.8333,0.75,"[116, 57, 103]","[62, 33, 128]"
s5_it45,s5_it29,5,45,1,5,29,0.375,3,3,1.0,0.8333,"[71, 104, 55]","[39, 94, 43]"
s5_it33,s5_it29,5,33,1,5,29,0.375,3,3,1.5833,1.5833,"[128, 113, 53]","[39, 94, 43]"
s2_it7,s2_it8,2,7,0,2,8,0.0909,2,3,1.4,1.0667,"[137, 120, 24]","[60, 69, 76]"
s4_it27,s4_it24,4,27,1,4,24,0.1429,2,3,2.5,0.9,"[128, 104, 59]","[137, 98, 120]"
s4_it5,s4_it1,4,5,0,4,1,0.2222,3,3,1.0833,0.7333,"[16, 95, 63]","[13, 136, 91]"
s5_it41,s5_it29,5,41,1,5,29,0.4,3,3,1.0,0.5833,"[111, 0, 123]","[39, 94, 43]"
s2_it27,s2_it22,2,27,1,2,22,0.2222,3,3,0.3333,1.1333,"[127, 72, 44]","[26, 70, 52]"
s5_it27,s5_it29,5,27,1,5,29,0.5556,2,3,1.75,0.5833,"[81, 105, 114]","[39, 94, 43]"
s6_it56,s6_it43,6,56,2,6,43,0.7778,3,3,1.1667,1.25,"[42, 142, 71]","[103, 104, 92]"
s5_it40,s5_it29,5,40,1,5,29,0.1111,2,3,1.6667,0.5833,"[130, 137, 121]","[39, 94, 43]"
s5_it47,s5_it50,5,47,2,5,50,0.2222,3,3,0.7,0.9333,"[97, 145, 120]","[7, 135, 91]"
s6_it12,s6_it6,6,12,0,6,6,0.25,1,3,2.5,1.2,"[59, 79, 98]","[52, 41, 13]"
s5_it51,s5_it47,5,51,2,5,47,0.2857,2,3,1.5,0.4,"[33, 1, 122]","[97, 145, 120]"
s6_it9,s6_it6,6,9,0,6,6,0.3,2,3,1.9167,1.0,"[54, 131, 142]","[52, 41, 13]"
s3_it22,s3_it26,3,22,1,3,26,0.5,1,3,2.3333,1.0667,"[19, 88, 70]","[136, 13, 72]"
s4_it3,s4_it1,4,3,0,4,1,0.3333,2,3,1.4,0.5333,"[34, 58, 50]","[13, 136, 91]"
s1_it32,s1_it31,1,32,2,1,31,0.3333,0,3,3.0,1.0,"[102, 117, 80]","[64, 42, 15]"
s2_it3,s2_it8,2,3,0,2,8,0.3077,1,3,2.0,1.2667,"[10, 133, 96]","[60, 69, 76]"
s5_it66,s5_it47,5,66,2,5,47,0.2857,3,3,1.8333,0.9,"[39, 49, 139]","[97, 145, 120]"
s0_it20,s0_it22,0,20,1,0,22,0.5556,3,3,0.8333,1.1667,"[74, 39, 2]","[23, 143, 89]"
s4_it22,s4_it1,4,22,0,4,1,0.4286,3,3,1.1667,0.5333,"[141, 41, 89]","[13, 136, 91]"
s5_it55,s5_it47,5,55,2,5,47,0.2222,3,3,1.75,0.2,"[63, 16, 31]","[97, 145, 120]"
s4_it12,s4_it1,4,12,0,4,1,0.125,2,3,1.75,0.5333,"[4, 148, 9]","[13, 136, 91]"
s3_it2,s3_it8,3,2,0,3,8,0.3333,2,3,2.1667,1.4333,"[5, 85, 82]","[14, 23, 106]"
s4_it47,s4_it46,4,47,2,4,46,0.4444,3,3,1.3333,0.5,"[15, 74, 140]","[92, 133, 56]"
s7_it1,s7_it2,7,1,0,7,2,0.2222,3,3,0.75,0.9167,"[51, 45, 0]","[25, 27, 33]"
s7_it41,s7_it38,7,41,2,7,38,0.5,3,3,1.0,1.3333,"[135, 109, 71]","[104, 122, 39]"
s1_it19,s1_it23,1,19,1,1,23,0.4444,2,3,1.3333,1.5667,"[39, 89, 45]","[13, 147, 122]"
s1_it18,s1_it23,1,18,1,1,23,0.3636,3,3,1.25,1.5667,"[25, 74, 93]","[13, 147, 122]"
s6_it18,s6_it6,6,18,0,6,6,0.4444,3,3,1.5833,0.8,"[51, 91, 78]","[52, 41, 13]"
s6_it25,s6_it21,6,25,1,6,21,0.5,2,3,2.1667,0.8333,"[107, 1, 147]","[100, 97, 43]"
s3_it40,s3_it30,3,40,2,3,30,0.3333,2,3,1.75,1.7167,"[112, 117, 92]","[89, 52, 74]"
s4_it15,s4_it1,4,15,0,4,1,0.4286,3,3,1.0,0.7333,"[81, 107, 2]","[13, 136, 91]"
s0_it15,s0_it20,0,15,1,0,20,0.2,2,3,1.6667,1.4167,"[114, 127, 118]","[74, 39, 2]"
s4_it11,s4_it1,4,11,0,4,1,0.375,2,3,1.6667,0.7333,"[28, 12, 146]","[13, 136, 91]"
s6_it44,s6_it43,6,44,2,6,43,0.3077,3,3,1.6667,1.25,"[23, 85, 108]","[103, 104, 92]"
s6_it43,s6_it52,6,43,2,6,52,0.5455,3,3,1.0,1.3667,"[103, 104, 92]","[100, 13, 54]"
s0_it3,s0_it6,0,3,0,0,6,0.1667,3,3,1.3333,1.45,"[46, 136, 142]","[108, 115, 60]"
s4_it16,s4_it1,4,16,0,4,1,0.25,2,3,1.6667,0.7333,"[1, 86, 139]","[13, 136, 91]"
s6_it59,s6_it43,6,59,2,6,43,0.5,3,3,0.5,1.0,"[1, 2, 145]","[103, 104, 92]"
s5_it49,s5_it47,5,49,2,5,47,0.25,2,3,1.95,0.4,"[13, 63, 119]","[97, 145, 120]"
s1_it13,s1_it5,1,13,0,1,5,0.625,2,3,2.1667,1.25,"[123, 84, 73]","[62, 33, 128]"
s5_it24,s5_it9,5,24,0,5,9,0.4286,2,3,2.1667,1.5,"[98, 73, 51]","[68, 4, 31]"
s4_it9,s4_it1,4,9,0,4,1,0.5,3,3,1.3333,0.5333,"[19, 106, 72]","[13, 136, 91]"
s7_it16,s7_it14,7,16,1,7,14,0.2,2,3,1.7333,1.4333,"[30, 120, 64]","[60, 78, 3]"
s7_it22,s7_it14,7,22,1,7,14,0.1,2,2,1.75,1.7333,"[80, 123, 127]","[60, 78, 3]"
s4_it59,s4_it46,4,59,2,4,46,0.4444,1,3,2.5,0.5,"[22, 105, 114]","[92, 133, 56]"
s0_it35,s0_it29,0,35,2,0,29,0.3,1,3,2.0,1.4167,"[80, 85, 100]","[148, 109, 57]"
s1_it16,s1_it23,1,16,1,1,23,0.3636,2,3,2.3,1.8167,"[135, 14, 32]","[13, 147, 122]"
s4_it17,s4_it1,4,17,0,4,1,0.2,3,3,1.6,0.7333,"[103, 125, 7]","[13, 136, 91]"
s3_it5,s3_it8,3,5,0,3,8,0.0909,3,3,1.5833,1.1,"[25, 147, 113]","[14, 23, 106]"
s6_it17,s6_it6,6,17,0,6,6,0.3,3,3,1.6667,1.0,"[139, 57, 114]","[52, 41, 13]"
s6_it1,s6_it6,6,1,0,6,6,0.4286,3,3,1.0,0.8,"[71, 145, 110]","[52, 41, 13]"
s4_it13,s4_it1,4,13,0,4,1,0.4286,1,3,2.6667,0.7333,"[147, 119, 40]","[13, 136, 91]"
s2_it32,s2_it29,2,32,2,2,29,0.3333,2,3,2.0833,1.25,"[91, 51, 20]","[140, 144, 63]"
s5_it32,s5_it29,5,32,1,5,29,0.3333,2,3,1.0,0.5,"[42, 8, 33]","[39, 94, 43]"
s7_it2,s7_it6,7,2,0,7,6,0.375,3,3,0.9167,1.5,"[25, 27, 33]","[143, 142, 103]"
s1_it33,s1_it31,1,33,2,1,31,0.2857,2,3,1.5,1.0,"[23, 12, 82]","[64, 42, 15]"
s4_it39,s4_it24,4,39,1,4,24,0.3333,1,3,2.5,1.1,"[118, 11, 47]","[137, 98, 120]"
s3_it34,s3_it30,3,34,2,3,30,0.25,2,3,2.1667,1.7167,"[86, 148, 27]","[89, 52, 74]"
s3_it25,s3_it26,3,25,1,3,26,0.2222,3,3,0.5,1.0667,"[36, 122, 78]","[136, 13, 72]"
s4_it64,s4_it46,4,64,2,4,46,0.2,3,3,1.4167,0.25,"[108, 30, 130]","[92, 133, 56]"
s1_it23,s1_it21,1,23,1,1,21,0.3333,3,3,1.3167,1.3333,"[13, 147, 122]","[139, 72, 76]"
s4_it18,s4_it1,4,18,0,4,1,0.4286,1,3,2.0,0.7333,"[138, 121, 99]","[13, 136, 91]"
s7_it11,s7_it2,7,11,0,7,2,0.4286,2,3,2.25,0.8333,"[90, 105, 134]","[25, 27, 33]"
s7_it13,s7_it2,7,13,0,7,2,0.4,2,3,1.5,0.9167,"[145, 117, 125]","[25, 27, 33]"
s2_it22,s2_it28,2,22,1,2,28,0.2727,3,3,1.4667,1.5667,"[26, 70, 52]","[147, 58, 98]"
s7_it42,s7_it38,7,42,2,7,38,0.6667,3,3,1.6333,1.5833,"[5, 28, 124]","[104, 122, 39]"
s5_it62,s5_it47,5,62,2,5,47,0.5,3,2,0.6,2.1,"[41, 52, 149]","[97, 145, 120]"
s1_it27,s1_it31,1,27,2,1,31,0.2,2,3,1.8333,1.0,"[4, 149, 50]","[64, 42, 15]"
s2_it19,s2_it22,2,19,1,2,22,0.3333,2,3,2.0,1.6,"[50, 4, 56]","[26, 70, 52]"
s3_it32,s3_it30,3,32,2,3,30,0.375,2,3,2.3333,1.7167,"[116, 64, 53]","[89, 52, 74]"
s6_it41,s6_it21,6,41,1,6,21,0.5,1,3,2.5,0.5833,"[25, 96, 12]","[100, 97, 43]"
s3_it12,s3_it8,3,12,0,3,8,0.5,3,3,1.9,1.4333,"[90, 58, 124]","[14, 23, 106]"
s5_it30,s5_it29,5,30,1,5,29,0.4,3,3,0.6667,1.1667,"[108, 76, 146]","[39, 94, 43]"
s0_it19,s0_it20,0,19,1,0,20,0.2222,2,3,2.0,1.5833,"[4, 82, 16]","[74, 39, 2]"
s2_it30,s2_it29,2,30,2,2,29,0.25,3,3,0.5,1.0,"[35, 62, 31]","[140, 144, 63]"
s6_it52,s6_it43,6,52,2,6,43,0.5455,3,3,1.0333,1.0,"[100, 13, 54]","[103, 104, 92]"
s7_it38,s7_it41,7,38,2,7,41,0.5,3,3,1.3333,0.5,"[104, 122, 39]","[135, 109, 71]"
s6_it54,s6_it52,6,54,2,6,52,0.3636,3,3,1.6667,1.5667,"[103, 57, 105]","[100, 13, 54]"
s4_it52,s4_it46,4,52,2,4,46,0.2727,2,3,2.2,0.25,"[116, 124, 13]","[92, 133, 56]"
s4_it48,s4_it46,4,48,2,4,46,0.125,1,3,2.5,0.75,"[102, 5, 17]","[92, 133, 56]"
s0_it9,s0_it3,0,9,0,0,3,0.4,1,3,2.0,1.3333,"[125, 20, 88]","[46, 136, 142]"
s0_it32,s0_it29,0,32,2,0,29,0.3,2,3,2.25,1.1667,"[8, 105, 41]","[148, 109, 57]"
s6_it26,s6_it21,6,26,1,6,21,0.2222,2,3,2.0,0.25,"[26, 76, 17]","[100, 97, 43]"
s4_it40,s4_it24,4,40,1,4,24,0.25,3,3,1.5,0.9,"[112, 108, 109]","[137, 98, 120]"
s5_it48,s5_it47,5,48,2,5,47,0.2857,1,3,2.3333,1.1,"[95, 28, 40]","[97, 145, 120]"
s1_it29,s1_it31,1,29,2,1,31,0.6,3,3,1.25,1.0,"[36, 38, 140]","[64, 42, 15]"
s5_it53,s5_it50,5,53,2,5,50,0.4,1,3,2.0,1.4333,"[97, 51, 114]","[7, 135, 91]"
s2_it17,s2_it22,2,17,1,2,22,0.2222,1,3,2.0,1.2667,"[47, 12, 0]","[26, 70, 52]"
s5_it15,s5_it9,5,15,0,5,9,0.375,1,3,2.3333,1.0,"[116, 70, 96]","[68, 4, 31]"
s6_it13,s6_it6,6,13,0,6,6,0.5,2,3,1.2,1.0,"[84, 115, 137]","[52, 41, 13]"
s7_it34,s7_it38,7,34,2,7,38,0.4444,2,3,1.3333,1.8333,"[8, 91, 70]","[104, 122, 39]"
s4_it26,s4_it24,4,26,1,4,24,0.2857,2,3,2.25,1.1,"[117, 105, 68]","[137, 98, 120]"
s4_it37,s4_it24,4,37,1,4,24,0.3333,3,3,1.6667,0.9,"[31, 64, 49]","[137, 98, 120]"
s5_it43,s5_it29,5,43,1,5,29,0.25,2,3,1.5,0.8333,"[79, 35, 18]","[39, 94, 43]"
s5_it4,s5_it9,5,4,0,5,9,0.4286,2,3,2.0,1.5,"[59, 142, 106]","[68, 4, 31]"
s3_it39,s3_it30,3,39,2,3,30,0.4444,3,3,0.6667,1.5667,"[100, 91, 149]","[89, 52, 74]"
s6_it7,s6_it6,6,7,0,6,6,0.2222,1,3,2.6667,0.8,"[129, 132, 10]","[52, 41, 13]"
s5_it25,s5_it29,5,25,1,5,29,0.2,1,3,2.6667,0.5833,"[83, 100, 32]","[39, 94, 43]"
s4_it53,s4_it46,4,53,2,4,46,0.375,3,3,1.0,0.5,"[74, 33, 37]","[92, 133, 56]"
s5_it8,s5_it9,5,8,0,5,9,0.4444,1,3,2.8,1.5,"[65, 30, 124]","[68, 4, 31]"
s1_it14,s1_it23,1,14,1,1,23,0.2222,1,3,2.5,1.8167,"[98, 79, 77]","[13, 147, 122]"
s2_it33,s2_it29,2,33,2,2,29,0.3333,2,3,2.0,1.25,"[106, 139, 45]","[140, 144, 63]"
s5_it3,s5_it9,5,3,0,5,9,0.5,1,3,2.6667,1.25,"[89, 44, 47]","[68, 4, 31]"
s7_it15,s7_it14,7,15,1,7,14,0.3333,3,3,0.8333,0.9333,"[66, 42, 100]","[60, 78, 3]"
s6_it21,s6_it38,6,21,1,6,38,0.375,3,3,0.8333,0.8333,"[100, 97, 43]","[136, 143, 75]"
s2_it23,s2_it22,2,23,1,2,22,0.5,2,3,2.0,1.2667,"[134, 66, 85]","[26, 70, 52]"
s0_it4,s0_it3,0,4,0,0,3,0.1,2,3,1.25,1.3333,"[29, 106, 121]","[46, 136, 142]"
s3_it24,s3_it26,3,24,1,3,26,0.375,1,3,2.3333,0.7333,"[61, 8, 15]","[136, 13, 72]"
s4_it1,s4_it7,4,1,0,4,7,0.1111,3,3,0.7333,0.8333,"[13, 136, 91]","[71, 135, 100]"
s0_it8,s0_it3,0,8,0,0,3,0.3333,3,3,1.1667,1.3333,"[101, 113, 6]","[46, 136, 142]"
s5_it29,s5_it44,5,29,1,5,44,0.5,3,3,0.5833,1.0,"[39, 94, 43]","[143, 99, 46]"
s7_it29,s7_it14,7,29,1,7,14,0.0833,3,2,1.3333,1.9333,"[130, 149, 46]","[60, 78, 3]"
s6_it46,s6_it43,6,46,2,6,43,0.25,1,3,2.75,1.0,"[24, 105, 50]","[103, 104, 92]"
s7_it26,s7_it14,7,26,1,7,14,0.3,3,2,0.75,1.9333,"[141, 43, 94]","[60, 78, 3]"
s2_it8,s2_it2,2,8,0,2,2,0.2,3,2,1.2667,1.5,"[60, 69, 76]","[109, 145, 19]"
s3_it7,s3_it8,3,7,0,3,8,0.2222,2,3,2.1667,1.2333,"[134, 30, 142]","[14, 23, 106]"
s2_it4,s2_it8,2,4,0,2,8,0.3636,3,3,1.5,0.9333,"[18, 16, 141]","[60, 69, 76]"
s5_it63,s5_it47,5,63,2,5,47,0.3333,2,3,1.75,0.2,"[55, 117, 62]","[97, 145, 120]"
s4_it46,s4_it47,4,46,2,4,47,0.4444,3,3,0.75,1.4167,"[92, 133, 56]","[15, 74, 140]"
s6_it34,s6_it21,6,34,1,6,21,0.3333,2,3,2.0,0.5,"[118, 3, 64]","[100, 97, 43]"
s1_it26,s1_it31,1,26,2,1,31,0.8,1,3,2.5,1.0,"[51, 31, 61]","[64, 42, 15]"
s4_it56,s4_it46,4,56,2,4,46,0.5,3,3,1.4167,0.75,"[123, 89, 41]","[92, 133, 56]"
s4_it43,s4_it24,4,43,1,4,24,0.4,2,2,1.5,1.7,"[24, 69, 66]","[137, 98, 120]"
s5_it34,s5_it29,5,34,1,5,29,0.5,1,3,2.25,0.8333,"[131, 2, 38]","[39, 94, 43]"
s6_it5,s6_it6,6,5,0,6,6,0.2727,3,3,1.2667,1.0,"[7, 146, 44]","[52, 41, 13]"
s4_it7,s4_it1,4,7,0,4,1,0.1111,3,3,0.5,0.5333,"[71, 135, 100]","[13, 136, 91]"
s4_it21,s4_it1,4,21,0,4,1,0.25,1,3,2.6667,0.7333,"[129, 87, 88]","[13, 136, 91]"
s3_it3,s3_it8,3,3,0,3,8,0.3333,2,3,1.75,1.4333,"[108, 31, 47]","[14, 23, 106]"
s7_it10,s7_it2,7,10,0,7,2,0.5,3,3,0.5,0.5833,"[34, 98, 41]","[25, 27, 33]"
s4_it25,s4_it24,4,25,1,4,24,0.2857,2,3,1.75,0.7,"[8, 25, 18]","[137, 98, 120]"
s0_it27,s0_it20,0,27,1,0,20,0.6667,3,3,1.65,0.8333,"[111, 38, 13]","[74, 39, 2]"
s7_it37,s7_it38,7,37,2,7,38,0.4444,3,3,0.2,1.3333,"[13, 133, 87]","[104, 122, 39]"
s6_it49,s6_it43,6,49,2,6,43,0.0909,2,3,1.5,1.0,"[37, 0, 9]","[103, 104, 92]"
s1_it31,s1_it25,1,31,2,1,25,0.375,3,3,1.3333,1.5,"[64, 42, 15]","[46, 22, 100]"
s2_it9,s2_it8,2,9,0,2,8,0.1818,2,3,1.8333,0.9333,"[143, 104, 132]","[60, 69, 76]"
s6_it15,s6_it6,6,15,0,6,6,0.4444,3,3,0.9,1.2,"[58, 33, 4]","[52, 41, 13]"
s5_it35,s5_it29,5,35,1,5,29,0.5714,2,3,2.0,0.9167,"[49, 110, 88]","[39, 94, 43]"
s2_it38,s2_it29,2,38,2,2,29,0.2857,1,3,2.6667,1.5833,"[46, 125, 65]","[140, 144, 63]"
s4_it24,s4_it35,4,24,1,4,35,0.3333,3,3,0.9,0.9,"[137, 98, 120]","[134, 115, 35]"
s2_it36,s2_it29,2,36,2,2,29,0.375,3,3,0.8333,1.25,"[101, 57, 149]","[140, 144, 63]"
s2_it25,s2_it22,2,25,1,2,22,0.2222,2,3,1.75,1.6,"[34, 123, 116]","[26, 70, 52]"
s0_it38,s0_it29,0,38,2,0,29,0.625,2,3,1.6,1.6667,"[119, 144, 7]","[148, 109, 57]"
s0_it2,s0_it3,0,2,0,0,3,0.3333,3,3,1.4667,1.3333,"[73, 71, 14]","[46, 136, 142]"
s1_it15,s1_it23,1,15,1,1,23,0.1818,3,3,0.75,1.3667,"[35, 34, 104]","[13, 147, 122]"
s1_it30,s1_it31,1,30,2,1,31,0.25,0,3,3.0,1.3333,"[85, 90, 118]","[64, 42, 15]"
s5_it12,s5_it9,5,12,0,5,9,0.4286,2,3,1.0,1.0,"[41, 17, 62]","[68, 4, 31]"
s2_it6,s2_it8,2,6,0,2,8,0.1818,2,3,1.5,1.2667,"[55, 80, 99]","[60, 69, 76]"
s0_it37,s0_it29,0,37,2,0,29,0.5,2,2,1.5,2.1667,"[92, 11, 1]","[148, 109, 57]"
s7_it6,s7_it2,7,6,0,7,2,0.375,3,3,1.5,0.9167,"[143, 142, 103]","[25, 27, 33]"
s5_it37,s5_it29,5,37,1,5,29,0.625,3,3,0.25,0.9167,"[86, 69, 25]","[39, 94, 43]"
s4_it23,s4_it24,4,23,1,4,24,0.1667,1,3,2.3333,0.9,"[45, 144, 79]","[137, 98, 120]"
s7_it3,s7_it2,7,3,0,7,2,0.25,2,3,1.5,0.5833,"[32, 86, 11]","[25, 27, 33]"
s5_it57,s5_it47,5,57,2,5,47,0.2857,2,3,2.1667,0.4,"[27, 96, 11]","[97, 145, 120]"
s2_it5,s2_it8,2,5,0,2,8,0.4545,1,3,2.25,1.2667,"[131, 25, 79]","[60, 69, 76]"
s3_it35,s3_it30,3,35,2,3,30,0.2727,3,3,1.75,1.9667,"[63, 107, 4]","[89, 52, 74]"
s6_it32,s6_it21,6,32,1,6,21,0.5714,2,3,2.25,0.9167,"[45, 38, 55]","[100, 97, 43]"
s5_it65,s5_it47,5,65,2,5,47,0.3333,3,3,0.4,0.4,"[115, 86, 19]","[97, 145, 120]"
s6_it39,s6_it21,6,39,1,6,21,0.2,3,3,1.25,1.1667,"[140, 122, 144]","[100, 97, 43]"
s5_it5,s5_it9,5,5,0,5,9,0.8333,2,3,1.5,1.0,"[24, 11, 148]","[68, 4, 31]"
s4_it58,s4_it46,4,58,2,4,46,0.2222,2,3,1.8333,0.5,"[113, 57, 140]","[92, 133, 56]"
s5_it64,s5_it47,5,64,2,5,47,0.125,1,2,2.6667,1.6,"[76, 32, 90]","[97, 145, 120]"
s0_it1,s0_it3,0,1,0,0,3,0.125,3,3,1.4167,1.3333,"[27, 67, 54]","[46, 136, 142]"
s4_it38,s4_it24,4,38,1,4,24,0.2222,2,3,1.8333,0.9,"[85, 43, 149]","[137, 98, 120]"
s0_it39,s0_it29,0,39,2,0,29,0.25,3,2,1.1667,1.9167,"[33, 147, 110]","[148, 109, 57]"
s0_it40,s0_it29,0,40,2,0,29,0.5,2,3,1.8333,1.4167,"[56, 61, 70]","[148, 109, 57]"
s5_it59,s5_it47,5,59,2,5,47,0.2857,3,2,1.5,1.9,"[43, 99, 94]","[97, 145, 120]"
s2_it10,s2_it8,2,10,0,2,8,0.1667,2,3,2.0,0.9333,"[5, 138, 11]","[60, 69, 76]"
s2_it14,s2_it8,2,14,0,2,8,0.3333,2,3,2.1,0.6,"[48, 14, 37]","[60, 69, 76]"
s5_it42,s5_it29,5,42,1,5,29,0.5,2,2,2.0,1.5833,"[16, 56, 126]","[39, 94, 43]"
s4_it34,s4_it24,4,34,1,4,24,0.4286,2,3,1.75,0.7,"[123, 0, 38]","[137, 98, 120]"
s6_it2,s6_it6,6,2,0,6,6,0.3,2,3,1.75,1.7,"[111, 40, 74]","[52, 41, 13]"
s4_it36,s4_it24,4,36,1,4,24,0.0,1,3,2.6,1.1,"[60, 114, 22]","[137, 98, 120]"
s6_it61,s6_it43,6,61,2,6,43,0.4167,3,3,1.1667,1.0,"[135, 76, 147]","[103, 104, 92]"
s6_it51,s6_it43,6,51,2,6,43,0.4444,2,3,1.3333,1.25,"[40, 143, 136]","[103, 104, 92]"
s3_it36,s3_it30,3,36,2,3,30,0.125,1,3,2.6667,1.3167,"[12, 46, 17]","[89, 52, 74]"
s6_it60,s6_it52,6,60,2,6,52,0.4444,3,3,1.0,0.9,"[92, 110, 98]","[100, 13, 54]"
s6_it11,s6_it6,6,11,0,6,6,0.1429,2,3,1.0,1.2,"[36, 138, 127]","[52, 41, 13]"
s6_it19,s6_it6,6,19,0,6,6,0.4286,3,3,0.0,1.7,"[6, 99, 87]","[52, 41, 13]"
s6_it40,s6_it21,6,40,1,6,21,0.3,2,3,2.25,0.9167,"[101, 141, 123]","[100, 97, 43]"
s3_it23,s3_it26,3,23,1,3,26,0.5,2,3,1.9,0.5333,"[115, 11, 79]","[136, 13, 72]"
s4_it57,s4_it46,4,57,2,4,46,0.25,1,3,2.5,0.25,"[87, 84, 122]","[92, 133, 56]"
s4_it50,s4_it46,4,50,2,4,46,0.1,2,3,2.1667,0.25,"[101, 26, 77]","[92, 133, 56]"
s6_it3,s6_it6,6,3,0,6,6,0.3333,3,3,1.0833,0.4,"[29, 93, 70]","[52, 41, 13]"
s2_it34,s2_it29,2,34,2,2,29,0.0833,2,3,2.0,1.5833,"[75, 111, 135]","[140, 144, 63]"
s6_it33,s6_it21,6,33,1,6,21,0.5,2,2,2.0,1.8333,"[77, 31, 109]","[100, 97, 43]"
s7_it19,s7_it14,7,19,1,7,14,0.2857,2,3,1.0,0.9333,"[44, 116, 20]","[60, 78, 3]"
s5_it17,s5_it9,5,17,0,5,9,0.1111,2,3,1.75,1.0,"[134, 102, 122]","[68, 4, 31]"
s7_it23,s7_it14,7,23,1,7,14,0.1111,3,2,0.0,1.9333,"[62, 19, 76]","[60, 78, 3]"
s2_it21,s2_it22,2,21,1,2,22,0.3,2,3,2.4167,1.6,"[107, 32, 89]","[26, 70, 52]"
s5_it9,s5_it16,5,9,0,5,16,0.4286,3,3,1.25,0.5,"[68, 4, 31]","[136, 112, 6]"
s3_it26,s3_it25,3,26,1,3,25,0.2222,3,3,0.7333,0.75,"[136, 13, 72]","[36, 122, 78]"
s6_it4,s6_it6,6,4,0,6,6,0.3333,2,3,1.8333,1.0,"[68, 102, 149]","[52, 41, 13]"
s4_it41,s4_it24,4,41,1,4,24,0.1429,2,3,2.0,1.1,"[93, 111, 80]","[137, 98, 120]"
s4_it20,s4_it1,4,20,0,4,1,0.25,3,3,1.5,0.5333,"[78, 3, 53]","[13, 136, 91]"
s3_it28,s3_it26,3,28,1,3,26,0.1667,2,3,1.0,1.0667,"[20, 127, 35]","[136, 13, 72]"
s3_it37,s3_it30,3,37,2,3,30,0.7143,2,3,1.9167,1.7167,"[56, 73, 102]","[89, 52, 74]"
s0_it16,s0_it20,0,16,1,0,20,0.3333,2,3,1.6667,1.6667,"[34, 44, 53]","[74, 39, 2]"
s6_it20,s6_it6,6,20,0,6,6,0.25,2,3,1.3333,1.0,"[94, 27, 90]","[52, 41, 13]"
s0_it21,s0_it20,0,21,1,0,20,0.5,2,3,1.85,1.5833,"[68, 52, 12]","[74, 39, 2]"
s0_it28,s0_it29,0,28,2,0,29,0.25,2,3,1.0,1.0833,"[62, 65, 145]","[148, 109, 57]"
s6_it31,s6_it21,6,31,1,6,21,0.625,2,3,1.8333,0.5,"[11, 15, 113]","[100, 97, 43]"
s4_it2,s4_it1,4,2,0,4,1,0.25,3,3,1.25,0.7333,"[51, 97, 75]","[13, 136, 91]"
s1_it17,s1_it23,1,17,1,1,23,0.4,2,3,1.5,1.8167,"[49, 10, 41]","[13, 147, 122]"
s0_it24,s0_it20,0,24,1,0,20,0.2222,2,3,1.5,0.75,"[117, 36, 75]","[74, 39, 2]"
s1_it34,s1_it31,1,34,2,1,31,0.2222,3,3,0.75,1.0,"[71, 141, 2]","[64, 42, 15]"
s0_it14,s0_it3,0,14,0,0,3,0.2857,1,3,2.3333,1.3333,"[76, 86, 17]","[46, 136, 142]"
s4_it42,s4_it24,4,42,1,4,24,0.3333,1,3,2.5,0.9,"[37, 145, 21]","[137, 98, 120]"
s5_it67,s5_it47,5,67,2,5,47,0.125,2,3,1.6,0.7,"[58, 35, 65]","[97, 145, 120]"
s5_it44,s5_it29,5,44,1,5,29,0.5,3,3,1.0,0.8333,"[143, 99, 46]","[39, 94, 43]"
s0_it25,s0_it20,0,25,1,0,20,0.2222,3,3,1.25,0.8333,"[128, 87, 98]","[74, 39, 2]"
s1_it2,s1_it5,1,2,0,1,5,0.4286,1,3,2.3333,1.25,"[144, 40, 21]","[62, 33, 128]"
s4_it33,s4_it24,4,33,1,4,24,0.4286,2,3,2.4667,1.1,"[124, 90, 73]","[137, 98, 120]"
s0_it31,s0_it29,0,31,2,0,29,0.25,3,3,0.3333,1.3333,"[28, 137, 135]","[148, 109, 57]"
s7_it4,s7_it2,7,4,0,7,2,0.4286,2,3,1.8333,0.5833,"[132, 16, 95]","[25, 27, 33]"
s2_it43,s2_it29,2,43,2,2,29,0.3333,2,3,1.5,1.5833,"[114, 108, 97]","[140, 144, 63]"
s4_it4,s4_it1,4,4,0,4,1,0.3333,1,3,2.5,0.5333,"[110, 30, 132]","[13, 136, 91]"
s5_it68,s5_it47,5,68,2,5,47,0.4286,3,3,1.7667,0.4,"[7, 26, 98]","[97, 145, 120]"
s7_it32,s7_it38,7,32,2,7,38,0.4,3,3,1.9167,1.5833,"[110, 63, 26]","[104, 122, 39]"
s6_it16,s6_it6,6,16,0,6,6,0.3333,3,3,1.5833,0.6,"[72, 148, 53]","[52, 41, 13]"
s7_it8,s7_it2,7,8,0,7,2,0.25,2,3,1.0,0.5833,"[102, 97, 92]","[25, 27, 33]"
s0_it34,s0_it29,0,34,2,0,29,0.1667,3,3,1.5,1.4167,"[63, 123, 0]","[148, 109, 57]"
s7_it20,s7_it14,7,20,1,7,14,0.25,2,3,2.1,1.1333,"[52, 56, 50]","[60, 78, 3]"
s1_it9,s1_it5,1,9,0,1,5,0.4,3,3,0.9,1.25,"[94, 60, 66]","[62, 33, 128]"
s0_it12,s0_it3,0,12,0,0,3,0.1429,2,3,1.3333,1.3333,"[97, 94, 95]","[46, 136, 142]"
s2_it24,s2_it22,2,24,1,2,22,0.2222,1,3,2.3333,1.2667,"[38, 39, 61]","[26, 70, 52]"
s2_it2,s2_it8,2,2,0,2,8,0.2,3,3,1.0,1.2667,"[109, 145, 19]","[60, 69, 76]"
s0_it17,s0_it20,0,17,1,0,20,0.2,1,3,2.6667,0.8333,"[59, 9, 96]","[74, 39, 2]"
s6_it42,s6_it43,6,42,2,6,43,0.4,2,3,2.1667,1.0,"[89, 56, 32]","[103, 104, 92]"
s7_it12,s7_it2,7,12,0,7,2,0.2,2,3,2.25,0.9167,"[49, 1, 112]","[25, 27, 33]"
s0_it22,s0_it20,0,22,1,0,20,0.5556,3,3,1.1667,1.4167,"[23, 143, 89]","[74, 39, 2]"
s3_it30,s3_it35,3,30,2,3,35,0.2727,3,3,1.5167,1.75,"[89, 52, 74]","[63, 107, 4]"
s1_it25,s1_it31,1,25,2,1,31,0.375,3,3,1.5,1.0,"[46, 22, 100]","[64, 42, 15]"
s4_it30,s4_it24,4,30,1,4,24,0.2857,2,3,1.8333,0.7,"[20, 57, 55]","[137, 98, 120]"
s1_it11,s1_it5,1,11,0,1,5,0.3333,2,3,1.25,0.75,"[148, 8, 106]","[62, 33, 128]"
s3_it29,s3_it30,3,29,2,3,30,0.3333,3,3,1.0,1.3167,"[125, 43, 29]","[89, 52, 74]"
s1_it12,s1_it5,1,12,0,1,5,0.1111,2,3,1.75,0.75,"[133, 17, 107]","[62, 33, 128]"
s3_it31,s3_it30,3,31,2,3,30,0.4286,1,3,2.5,1.7167,"[68, 44, 109]","[89, 52, 74]"
s6_it48,s6_it43,6,48,2,6,43,0.3333,3,3,1.0667,1.25,"[81, 95, 120]","[103, 104, 92]"
s7_it27,s7_it14,7,27,1,7,14,0.0909,2,2,1.8333,1.5333,"[67, 85, 106]","[60, 78, 3]"
s7_it33,s7_it38,7,33,2,7,38,0.1667,2,3,2.2667,2.1667,"[79, 7, 72]","[104, 122, 39]"
s3_it6,s3_it8,3,6,0,3,8,0.25,1,3,2.25,1.5667,"[65, 81, 84]","[14, 23, 106]"
s0_it33,s0_it29,0,33,2,0,29,0.6667,2,3,1.5,1.1667,"[93, 31, 42]","[148, 109, 57]"
s2_it13,s2_it8,2,13,0,2,8,0.3636,2,3,1.0,0.7333,"[42, 8, 33]","[60, 69, 76]"
s2_it37,s2_it29,2,37,2,2,29,0.4,3,3,1.25,1.9167,"[122, 86, 112]","[140, 144, 63]"
s2_it29,s2_it30,2,29,2,2,30,0.25,2,3,2.4167,0.5,"[140, 144, 63]","[35, 62, 31]"
s5_it56,s5_it47,5,56,2,5,47,0.25,3,3,1.75,0.7,"[72, 105, 130]","[97, 145, 120]"
s5_it39,s5_it29,5,39,1,5,29,0.3333,2,3,1.8333,1.1667,"[140, 21, 27]","[39, 94, 43]"
s5_it52,s5_it47,5,52,2,5,47,0.2857,2,3,1.5,0.4,"[54, 133, 138]","[97, 145, 120]"
s2_it20,s2_it22,2,20,1,2,22,0.3,1,3,2.6667,1.2667,"[90, 146, 129]","[26, 70, 52]"
s2_it39,s2_it29,2,39,2,2,29,0.2857,1,3,2.0,1.5833,"[17, 117, 41]","[140, 144, 63]"
s0_it29,s0_it31,0,29,2,0,31,0.25,3,3,1.4167,0.8333,"[148, 109, 57]","[28, 137, 135]"
s6_it35,s6_it21,6,35,1,6,21,0.25,2,3,1.6667,0.25,"[119, 82, 73]","[100, 97, 43]"
s5_it61,s5_it47,5,61,2,5,47,0.2857,2,3,1.75,0.2,"[68, 29, 137]","[97, 145, 120]"
s4_it49,s4_it46,4,49,2,4,46,0.4444,3,3,1.3333,0.5,"[23, 39, 122]","[92, 133, 56]"
s0_it18,s0_it20,0,18,1,0,20,0.4,2,3,2.0,0.5833,"[48, 43, 5]","[74, 39, 2]"
s6_it6,s6_it8,6,6,0,6,8,0.3333,3,3,1.0,1.4167,"[52, 41, 13]","[130, 63, 35]"
s5_it26,s5_it29,5,26,1,5,29,0.4,3,3,1.5667,0.9167,"[147, 22, 60]","[39, 94, 43]"
s4_it61,s4_it49,4,61,2,4,49,0.3333,3,3,1.1667,1.3333,"[15, 92, 134]","[23, 39, 122]"
s2_it15,s2_it22,2,15,1,2,22,0.4,2,3,1.75,1.2667,"[126, 103, 74]","[26, 70, 52]"
s4_it54,s4_it46,4,54,2,4,46,0.1,2,3,2.1667,0.75,"[47, 91, 18]","[92, 133, 56]"
s5_it2,s5_it9,5,2,0,5,9,0.4,3,3,2.0167,1.5,"[14, 85, 107]","[68, 4, 31]"
s3_it21,s3_it26,3,21,1,3,26,0.2857,2,3,2.0,1.0667,"[75, 18, 1]","[136, 13, 72]"
s3_it13,s3_it8,3,13,0,3,8,0.25,2,3,1.0,1.3,"[42, 87, 6]","[14, 23, 106]"
s5_it11,s5_it9,5,11,0,5,9,0.6,3,3,0.0,1.5,"[36, 20, 19]","[68, 4, 31]"
s3_it27,s3_it26,3,27,1,3,26,0.4286,2,3,1.5,1.0667,"[119, 69, 41]","[136, 13, 72]"
s7_it39,s7_it38,7,39,2,7,38,0.1667,2,3,1.75,1.3333,"[73, 128, 69]","[104, 122, 39]"
s5_it54,s5_it47,5,54,2,5,47,0.1667,3,3,0.5,0.7,"[127, 141, 69]","[97, 145, 120]"
s3_it15,s3_it8,3,15,0,3,8,0.4444,1,3,2.5,1.1,"[51, 71, 32]","[14, 23, 106]"
s4_it35,s4_it24,4,35,1,4,24,0.3333,3,3,1.1,0.9,"[134, 115, 35]","[137, 98, 120]"
s6_it53,s6_it43,6,53,2,6,43,0.3333,2,3,2.1667,1.0,"[88, 140, 27]","[103, 104, 92]"
s0_it6,s0_it3,0,6,0,0,3,0.1667,3,3,1.25,1.3333,"[108, 115, 60]","[46, 136, 142]"
s1_it10,s1_it5,1,10,0,1,5,0.5714,3,3,1.25,1.0,"[127, 43, 55]","[62, 33, 128]"
s3_it11,s3_it8,3,11,0,3,8,0.25,2,3,1.8333,1.9667,"[22, 9, 130]","[14, 23, 106]"
s5_it19,s5_it9,5,19,0,5,9,0.3333,3,3,1.1,1.5,"[133, 29, 52]","[68, 4, 31]"
s2_it26,s2_it22,2,26,1,2,22,0.2,1,3,2.3333,1.4667,"[28, 88, 82]","[26, 70, 52]"
s3_it10,s3_it8,3,10,0,3,8,0.2222,3,3,0.75,1.1,"[128, 137, 62]","[14, 23, 106]"
s2_it35,s2_it29,2,35,2,2,29,0.3636,3,2,1.4667,2.0833,"[124, 94, 53]","[140, 144, 63]"
s2_it42,s2_it29,2,42,2,2,29,0.2222,2,2,1.25,1.75,"[148, 67, 136]","[140, 144, 63]"
s6_it24,s6_it21,6,24,1,6,21,0.5714,2,3,1.5,0.5,"[42, 2, 21]","[100, 97, 43]"
s0_it5,s0_it3,0,5,0,0,3,0.0,1,3,2.5,1.3333,"[21, 132, 99]","[46, 136, 142]"
s4_it31,s4_it24,4,31,1,4,24,0.125,2,3,2.0,0.7,"[36, 76, 130]","[137, 98, 120]"
s4_it60,s4_it46,4,60,2,4,46,0.2222,2,3,1.8333,0.5,"[8, 121, 143]","[92, 133, 56]"
s2_it16,s2_it22,2,16,1,2,22,0.25,2,3,1.0,1.8,"[36, 118, 6]","[26, 70, 52]"
s3_it20,s3_it26,3,20,1,3,26,0.3333,3,3,1.9167,0.7333,"[98, 26, 111]","[136, 13, 72]"
s6_it55,s6_it43,6,55,2,6,43,0.5,1,3,2.5,1.0,"[18, 121, 38]","[103, 104, 92]"
s0_it30,s0_it29,0,30,2,0,29,0.7143,3,3,1.1667,1.1667,"[69, 146, 30]","[148, 109, 57]"
s7_it9,s7_it2,7,9,0,7,2,0.6,0,3,3.0,1.1667,"[77, 113, 126]","[25, 27, 33]"
s4_it55,s4_it46,4,55,2,4,46,0.1111,2,3,1.25,0.25,"[61, 101, 29]","[92, 133, 56]"
s0_it13,s0_it3,0,13,0,0,3,0.1667,1,3,2.5,1.3333,"[141, 134, 102]","[46, 136, 142]"
s5_it7,s5_it9,5,7,0,5,9,0.2,3,3,1.4,1.5,"[93, 66, 58]","[68, 4, 31]"
s2_it28,s2_it22,2,28,1,2,22,0.2727,3,3,1.5667,1.8,"[147, 58, 98]","[26, 70, 52]"
s5_it38,s5_it29,5,38,1,5,29,0.5714,3,3,1.7667,0.8333,"[129, 37, 115]","[39, 94, 43]"
s3_it14,s3_it8,3,14,0,3,8,0.2727,3,3,1.0,1.6333,"[104, 0, 123]","[14, 23, 106]"
s0_it36,s0_it29,0,36,2,0,29,0.4444,2,2,1.75,2.1667,"[90, 51, 149]","[148, 109, 57]"
s6_it29,s6_it21,6,29,1,6,21,0.4,2,3,2.35,0.25,"[121, 14, 112]","[100, 97, 43]"
s1_it28,s1_it31,1,28,2,1,31,0.2,2,3,2.25,1.0,"[88, 111, 75]","[64, 42, 15]"
s1_it22,s1_it23,1,22,1,1,23,0.2,3,3,0.6667,1.3667,"[137, 95, 20]","[13, 147, 122]"
s4_it8,s4_it1,4,8,0,4,1,0.2222,1,3,2.0,0.7333,"[32, 82, 42]","[13, 136, 91]"
s2_it1,s2_it8,2,1,0,2,8,0.5,3,3,1.1,1.2667,"[49, 87, 115]","[60, 69, 76]"
s1_it20,s1_it23,1,20,1,1,23,0.3333,2,3,1.5,1.5667,"[19, 101, 146]","[13, 147, 122]"
s2_it40,s2_it29,2,40,2,2,29,0.3636,3,3,1.0833,1.5833,"[121, 3, 29]","[140, 144, 63]"
s1_it21,s1_it23,1,21,1,1,23,0.3333,3,3,1.3333,1.8167,"[139, 72, 76]","[13, 147, 122]"
s6_it28,s6_it21,6,28,1,6,21,0.8333,2,3,1.6667,0.5833,"[88, 39, 34]","[100, 97, 43]"
s6_it8,s6_it6,6,8,0,6,6,0.3333,3,3,1.4167,1.2,"[130, 63, 35]","[52, 41, 13]"
s4_it19,s4_it1,4,19,0,4,1,0.2,3,3,1.4333,0.7333,"[48, 143, 14]","[13, 136, 91]"
s7_it7,s7_it2,7,7,0,7,2,0.375,2,3,2.0,0.9167,"[2, 75, 55]","[25, 27, 33]"
s3_it1,s3_it8,3,1,0,3,8,0.125,1,3,2.6667,1.6333,"[138, 126, 129]","[14, 23, 106]"
s5_it22,s5_it9,5,22,0,5,9,0.2222,1,3,2.3333,1.5,"[125, 5, 57]","[68, 4, 31]"
s1_it5,s1_it9,1,5,0,1,9,0.4,3,3,0.75,1.1,"[62, 33, 128]","[94, 60, 66]"
s6_it37,s6_it21,6,37,1,6,21,0.5,2,2,1.6667,1.9167,"[62, 46, 83]","[100, 97, 43]"
s6_it10,s6_it6,6,10,0,6,6,0.4,2,3,2.1,1.5,"[18, 8, 60]","[52, 41, 13]"
s1_it3,s1_it5,1,3,0,1,5,0.2,2,3,2.3333,1.0,"[78, 129, 130]","[62, 33, 128]"
s7_it36,s7_it38,7,36,2,7,38,0.25,3,3,0.9167,1.9167,"[81, 114, 74]","[104, 122, 39]"
s3_it42,s3_it30,3,42,2,3,30,0.4286,2,3,2.25,1.0667,"[110, 105, 131]","[89, 52, 74]"
s6_it57,s6_it43,6,57,2,6,43,0.3333,3,3,1.25,1.3333,"[39, 73, 29]","[103, 104, 92]"
s5_it16,s5_it9,5,16,0,5,9,0.4286,3,3,0.5,1.0,"[136, 112, 6]","[68, 4, 31]"
s7_it17,s7_it14,7,17,1,7,14,0.2222,2,3,1.75,0.9333,"[4, 29, 119]","[60, 78, 3]"
s6_it38,s6_it21,6,38,1,6,21,0.375,3,3,0.8333,0.9167,"[136, 143, 75]","[100, 97, 43]"
s6_it14,s6_it6,6,14,0,6,6,0.25,2,3,1.75,0.8,"[128, 19, 30]","[52, 41, 13]"
s6_it47,s6_it43,6,47,2,6,43,0.2727,3,3,1.0,1.25,"[125, 69, 5]","[103, 104, 92]"
s5_it20,s5_it9,5,20,0,5,9,0.4286,2,3,1.8333,1.5,"[15, 67, 90]","[68, 4, 31]"
s6_it22,s6_it21,6,22,1,6,21,0.2857,2,3,2.0,0.8333,"[16, 116, 134]","[100, 97, 43]"
s6_it58,s6_it43,6,58,2,6,43,0.4545,3,3,1.7167,1.25,"[52, 108, 139]","[103, 104, 92]"
s1_it6,s1_it5,1,6,0,1,5,0.4444,3,3,1.8,1.0,"[52, 96, 91]","[62, 33, 128]"
s4_it45,s4_it46,4,45,2,4,46,0.4286,3,3,1.3333,0.5,"[27, 44, 70]","[92, 133, 56]"
s6_it45,s6_it43,6,45,2,6,43,0.25,2,3,2.0,1.0,"[22, 67, 49]","[103, 104, 92]"
s4_it32,s4_it24,4,32,1,4,24,0.4,1,3,2.6,1.1,"[52, 126, 65]","[137, 98, 120]"
