B_id,Bprime_id,seed,iteration,tercile,Bprime_seed,Bprime_iteration,type_jaccard,B_projfail,Bprime_projfail,B_ids,Bprime_ids
s3_it27,s3_it26,3,27,1,3,26,0.4286,2,3,"[119, 69, 41]","[136, 13, 72]"
s4_it53,s4_it46,4,53,2,4,46,0.375,3,3,"[74, 33, 37]","[92, 133, 56]"
s0_it14,s0_it3,0,14,0,0,3,0.2857,2,3,"[76, 86, 17]","[46, 136, 142]"
s5_it9,s5_it16,5,9,0,5,16,0.4286,3,3,"[68, 4, 31]","[136, 112, 6]"
s3_it9,s3_it8,3,9,0,3,8,0.2,2,3,"[95, 67, 28]","[14, 23, 106]"
s0_it31,s0_it29,0,31,2,0,29,0.25,3,3,"[28, 137, 135]","[148, 109, 57]"
s6_it4,s6_it6,6,4,0,6,6,0.3333,2,3,"[68, 102, 149]","[52, 41, 13]"
s5_it5,s5_it9,5,5,0,5,9,0.8333,2,3,"[24, 11, 148]","[68, 4, 31]"
s2_it27,s2_it22,2,27,1,2,22,0.2222,3,3,"[127, 72, 44]","[26, 70, 52]"
s2_it35,s2_it29,2,35,2,2,29,0.3636,3,3,"[124, 94, 53]","[140, 144, 63]"
s0_it27,s0_it20,0,27,1,0,20,0.6667,2,3,"[111, 38, 13]","[74, 39, 2]"
s4_it27,s4_it24,4,27,1,4,24,0.1429,2,3,"[128, 104, 59]","[137, 98, 120]"
s0_it26,s0_it22,0,26,1,0,22,0.4444,3,3,"[104, 15, 133]","[23, 143, 89]"
s5_it43,s5_it29,5,43,1,5,29,0.25,2,3,"[79, 35, 18]","[39, 94, 43]"
s4_it23,s4_it35,4,23,1,4,35,0.125,1,3,"[45, 144, 79]","[134, 115, 35]"
s2_it30,s2_it35,2,30,2,2,35,0.3,3,3,"[35, 62, 31]","[124, 94, 53]"
s6_it38,s6_it21,6,38,1,6,21,0.375,3,3,"[136, 143, 75]","[100, 97, 43]"
s0_it22,s0_it26,0,22,1,0,26,0.4444,3,3,"[23, 143, 89]","[104, 15, 133]"
s5_it25,s5_it44,5,25,1,5,44,0.3333,1,3,"[83, 100, 32]","[143, 99, 46]"
s3_it17,s3_it25,3,17,1,3,25,0.2857,1,3,"[37, 45, 24]","[36, 122, 78]"
s3_it25,s3_it28,3,25,1,3,28,0.1429,3,3,"[36, 122, 78]","[20, 127, 35]"
s6_it20,s6_it8,6,20,0,6,8,0.1111,2,3,"[94, 27, 90]","[130, 63, 35]"
s4_it22,s4_it1,4,22,0,4,1,0.4286,3,3,"[141, 41, 89]","[13, 136, 91]"
s6_it34,s6_it38,6,34,1,6,38,0.1,2,3,"[118, 3, 64]","[136, 143, 75]"
s5_it21,s5_it19,5,21,0,5,19,0.375,1,3,"[12, 78, 82]","[133, 29, 52]"
s1_it17,s1_it23,1,17,1,1,23,0.4,2,3,"[49, 10, 41]","[13, 147, 122]"
s7_it17,s7_it14,7,17,1,7,14,0.2222,2,3,"[4, 29, 119]","[60, 78, 3]"
s2_it43,s2_it30,2,43,2,2,30,0.25,3,3,"[114, 108, 97]","[35, 62, 31]"
s6_it16,s6_it15,6,16,0,6,15,0.4444,3,3,"[72, 148, 53]","[58, 33, 4]"
s7_it13,s7_it2,7,13,0,7,2,0.4,2,3,"[145, 117, 125]","[25, 27, 33]"
s2_it4,s2_it8,2,4,0,2,8,0.3636,3,3,"[18, 16, 141]","[60, 69, 76]"
s3_it37,s3_it30,3,37,2,3,30,0.7143,2,3,"[56, 73, 102]","[89, 52, 74]"
s5_it59,s5_it47,5,59,2,5,47,0.2857,3,3,"[43, 99, 94]","[97, 145, 120]"
s2_it38,s2_it36,2,38,2,2,36,0.0,2,3,"[46, 125, 65]","[101, 57, 149]"
s6_it54,s6_it52,6,54,2,6,52,0.3636,3,3,"[103, 57, 105]","[100, 13, 54]"
s3_it33,s3_it35,3,33,2,3,35,0.2,2,3,"[133, 80, 55]","[63, 107, 4]"
s5_it55,s5_it50,5,55,2,5,50,0.3333,3,3,"[63, 16, 31]","[7, 135, 91]"
s4_it38,s4_it37,4,38,1,4,37,0.4444,3,3,"[85, 43, 149]","[31, 64, 49]"
s1_it33,s1_it31,1,33,2,1,31,0.2857,1,3,"[23, 12, 82]","[64, 42, 15]"
s7_it33,s7_it38,7,33,2,7,38,0.1667,2,3,"[79, 7, 72]","[104, 122, 39]"
s4_it34,s4_it40,4,34,1,4,40,0.4,2,3,"[123, 0, 38]","[112, 108, 109]"
s6_it3,s6_it16,6,3,0,6,16,0.5,3,3,"[29, 93, 70]","[72, 148, 53]"
s1_it29,s1_it25,1,29,2,1,25,0.2857,2,3,"[36, 38, 140]","[46, 22, 100]"
s7_it29,s7_it15,7,29,1,7,15,0.3,3,3,"[130, 149, 46]","[66, 42, 100]"
s2_it12,s2_it2,2,12,0,2,2,0.5,2,3,"[77, 13, 15]","[109, 145, 19]"
s6_it49,s6_it43,6,49,2,6,43,0.0909,2,3,"[37, 0, 9]","[103, 104, 92]"
s0_it12,s0_it6,0,12,0,0,6,0.4,3,3,"[97, 94, 95]","[108, 115, 60]"
s3_it7,s3_it10,3,7,0,3,10,0.6667,2,3,"[134, 30, 142]","[128, 137, 62]"
s5_it67,s5_it55,5,67,2,5,55,0.5556,2,3,"[58, 35, 65]","[63, 16, 31]"
s2_it8,s2_it4,2,8,0,2,4,0.3636,3,3,"[60, 69, 76]","[18, 16, 141]"
s0_it8,s0_it12,0,8,0,0,12,0.1429,3,3,"[101, 113, 6]","[97, 94, 95]"
s5_it3,s5_it6,5,3,0,5,6,0.1111,2,3,"[89, 44, 47]","[92, 149, 34]"
s5_it11,s5_it22,5,11,0,5,22,0.125,3,3,"[36, 20, 19]","[125, 5, 57]"
s3_it3,s3_it14,3,3,0,3,14,0.2727,2,3,"[108, 31, 47]","[104, 0, 123]"
s5_it49,s5_it56,5,49,2,5,56,0.5556,2,3,"[13, 63, 119]","[72, 105, 130]"
s4_it8,s4_it7,4,8,0,4,7,0.375,1,3,"[32, 82, 42]","[71, 135, 100]"
s5_it7,s5_it2,5,7,0,5,2,0.3333,3,3,"[93, 66, 58]","[14, 85, 107]"
s4_it46,s4_it47,4,46,2,4,47,0.4444,3,3,"[92, 133, 56]","[15, 74, 140]"
s4_it54,s4_it49,4,54,2,4,49,0.3333,2,3,"[47, 91, 18]","[23, 39, 122]"
s4_it4,s4_it15,4,4,0,4,15,0.1429,1,3,"[110, 30, 132]","[81, 107, 2]"
s4_it42,s4_it31,4,42,1,4,31,0.1667,2,3,"[37, 145, 21]","[36, 76, 130]"
s6_it19,s6_it1,6,19,0,6,1,0.6,2,3,"[6, 99, 87]","[71, 145, 110]"
s6_it57,s6_it54,6,57,2,6,54,0.4,3,3,"[39, 73, 29]","[103, 57, 105]"
s2_it28,s2_it23,2,28,1,2,23,0.2,3,3,"[147, 58, 98]","[134, 66, 85]"
s0_it28,s0_it31,0,28,2,0,31,0.1429,2,3,"[62, 65, 145]","[28, 137, 135]"
s6_it1,s6_it3,6,1,0,6,3,0.25,3,3,"[71, 145, 110]","[29, 93, 70]"
s6_it15,s6_it17,6,15,0,6,17,0.5556,3,3,"[58, 33, 4]","[139, 57, 114]"
s6_it53,s6_it56,6,53,2,6,56,0.4286,2,3,"[88, 140, 27]","[42, 142, 71]"
s2_it24,s2_it28,2,24,1,2,28,0.375,1,3,"[38, 39, 61]","[147, 58, 98]"
s6_it61,s6_it58,6,61,2,6,58,0.5,3,3,"[135, 76, 147]","[52, 108, 139]"
s0_it24,s0_it16,0,24,1,0,16,0.5,2,3,"[117, 36, 75]","[34, 44, 53]"
s5_it19,s5_it7,5,19,0,5,7,0.2727,3,3,"[133, 29, 52]","[93, 66, 58]"
s5_it15,s5_it18,5,15,0,5,18,0.3,2,3,"[116, 70, 96]","[141, 54, 74]"
s4_it62,s4_it51,4,62,2,4,51,0.375,2,3,"[131, 36, 52]","[144, 43, 2]"
s1_it19,s1_it21,1,19,1,1,21,0.3,2,3,"[39, 89, 45]","[139, 72, 76]"
s7_it19,s7_it29,7,19,1,7,29,0.1111,2,3,"[44, 116, 20]","[130, 149, 46]"
s3_it18,s3_it20,3,18,1,3,20,0.4444,2,3,"[57, 48, 39]","[98, 26, 111]"
s1_it15,s1_it22,1,15,1,1,22,0.0,3,3,"[35, 34, 104]","[137, 95, 20]"
s7_it15,s7_it23,7,15,1,7,23,0.4286,3,3,"[66, 42, 100]","[62, 19, 76]"
s6_it27,s6_it39,6,27,1,6,39,0.5,1,3,"[28, 61, 48]","[140, 122, 144]"
s6_it35,s6_it31,6,35,1,6,31,0.375,1,3,"[119, 82, 73]","[11, 15, 113]"
s3_it14,s3_it5,3,14,0,3,5,0.4,3,3,"[104, 0, 123]","[25, 147, 113]"
s5_it53,s5_it59,5,53,2,5,59,0.5,2,3,"[97, 51, 114]","[43, 99, 94]"
s1_it14,s1_it15,1,14,1,1,15,0.0,1,3,"[98, 79, 77]","[35, 34, 104]"
s7_it14,s7_it25,7,14,1,7,25,0.3,3,3,"[60, 78, 3]","[115, 139, 36]"
s2_it40,s2_it37,2,40,2,2,37,0.3077,2,3,"[121, 3, 29]","[122, 86, 112]"
s1_it10,s1_it5,1,10,0,1,5,0.5714,3,3,"[127, 43, 55]","[62, 33, 128]"
s7_it10,s7_it6,7,10,0,7,6,0.4286,3,3,"[34, 98, 41]","[143, 142, 103]"
s4_it32,s4_it30,4,32,1,4,30,0.4286,1,3,"[52, 126, 65]","[20, 57, 55]"
s4_it14,s4_it20,4,14,0,4,20,0.125,1,3,"[62, 61, 116]","[78, 3, 53]"
s6_it43,s6_it61,6,43,2,6,61,0.4167,3,3,"[103, 104, 92]","[135, 76, 147]"
s2_it14,s2_it1,2,14,0,2,1,0.4444,2,2,"[48, 14, 37]","[49, 87, 115]"
s5_it30,s5_it46,5,30,1,5,46,0.25,3,3,"[108, 76, 146]","[3, 139, 26]"
s6_it25,s6_it40,6,25,1,6,40,0.3,2,3,"[107, 1, 147]","[101, 141, 123]"
s5_it69,s5_it61,5,69,2,5,61,0.2,3,3,"[106, 123, 0]","[68, 29, 137]"
s2_it10,s2_it13,2,10,0,2,13,0.375,2,2,"[5, 138, 11]","[42, 8, 33]"
s1_it30,s1_it34,1,30,2,1,34,0.2222,1,3,"[85, 90, 118]","[71, 141, 2]"
s7_it30,s7_it41,7,30,2,7,41,0.375,2,3,"[58, 136, 59]","[135, 109, 71]"
s0_it10,s0_it8,0,10,0,0,8,0.3333,3,3,"[58, 3, 19]","[101, 113, 6]"
s4_it52,s4_it61,4,52,2,4,61,0.1818,2,3,"[116, 124, 13]","[15, 92, 134]"
s5_it65,s5_it62,5,65,2,5,62,0.5714,3,3,"[115, 86, 19]","[41, 52, 149]"
s1_it26,s1_it29,1,26,2,1,29,0.75,1,2,"[51, 31, 61]","[36, 38, 140]"
s7_it26,s7_it16,7,26,1,7,16,0.3,3,2,"[141, 43, 94]","[30, 120, 64]"
s5_it68,s5_it66,5,68,2,5,66,0.3,3,3,"[7, 26, 98]","[39, 49, 139]"
s2_it9,s2_it14,2,9,0,2,14,0.2222,2,2,"[143, 104, 132]","[48, 14, 37]"
s4_it48,s4_it63,4,48,2,4,63,0.25,1,3,"[102, 5, 17]","[133, 35, 112]"
s0_it9,s0_it10,0,9,0,0,10,0.2222,2,3,"[125, 20, 88]","[58, 3, 19]"
s5_it4,s5_it11,5,4,0,5,11,0.3333,2,3,"[59, 142, 106]","[36, 20, 19]"
s5_it64,s5_it68,5,64,2,5,68,0.3,1,3,"[76, 32, 90]","[7, 26, 98]"
s2_it5,s2_it9,2,5,0,2,9,0.375,1,2,"[131, 25, 79]","[143, 104, 132]"
s4_it44,s4_it53,4,44,2,4,53,0.4286,2,3,"[6, 54, 67]","[74, 33, 37]"
s4_it9,s4_it17,4,9,0,4,17,0.375,3,3,"[19, 106, 72]","[103, 125, 7]"
s4_it47,s4_it56,4,47,2,4,56,0.3,3,3,"[15, 74, 140]","[123, 89, 41]"
s6_it59,s6_it50,6,59,2,6,50,0.2727,2,3,"[1, 2, 145]","[66, 124, 20]"
s4_it43,s4_it29,4,43,1,4,29,0.25,2,3,"[24, 69, 66]","[33, 96, 29]"
s6_it55,s6_it48,6,55,2,6,48,0.3,1,3,"[18, 121, 38]","[81, 95, 120]"
s2_it26,s2_it27,2,26,1,2,27,0.125,1,3,"[28, 88, 82]","[127, 72, 44]"
s7_it38,s7_it32,7,38,2,7,32,0.4,3,3,"[104, 122, 39]","[110, 63, 26]"
s4_it18,s4_it5,4,18,0,4,5,0.1,1,3,"[138, 121, 99]","[16, 95, 63]"
s7_it34,s7_it42,7,34,2,7,42,0.4,2,3,"[8, 91, 70]","[5, 28, 124]"
s3_it38,s3_it39,3,38,2,3,39,0.0833,2,3,"[93, 50, 54]","[100, 91, 149]"
s4_it64,s4_it45,4,64,2,4,45,0.1111,2,3,"[108, 30, 130]","[27, 44, 70]"
s0_it39,s0_it34,0,39,2,0,34,0.2,3,3,"[33, 147, 110]","[63, 123, 0]"
s5_it34,s5_it37,5,34,1,5,37,0.4444,1,3,"[131, 2, 38]","[86, 69, 25]"
s3_it34,s3_it29,3,34,2,3,29,0.4286,3,3,"[86, 148, 27]","[125, 43, 29]"
s2_it21,s2_it19,2,21,1,2,19,0.3636,2,2,"[107, 32, 89]","[50, 4, 56]"
s4_it17,s4_it9,4,17,0,4,9,0.375,3,3,"[103, 125, 7]","[19, 106, 72]"
s6_it29,s6_it22,6,29,1,6,22,0.1,2,2,"[121, 14, 112]","[16, 116, 134]"
s5_it16,s5_it17,5,16,0,5,17,0.25,3,2,"[136, 112, 6]","[134, 102, 122]"
s3_it16,s3_it19,3,16,1,3,19,0.3,1,3,"[103, 83, 21]","[96, 2, 7]"
s4_it13,s4_it22,4,13,0,4,22,0.25,1,3,"[147, 119, 40]","[141, 41, 89]"
s1_it8,s1_it9,1,8,0,1,9,0.3,3,3,"[105, 18, 125]","[94, 60, 66]"
s7_it8,s7_it7,7,8,0,7,7,0.375,2,3,"[102, 97, 92]","[2, 75, 55]"
s4_it59,s4_it58,4,59,2,4,58,0.5,3,3,"[22, 105, 114]","[113, 57, 140]"
s1_it16,s1_it18,1,16,1,1,18,0.2727,2,3,"[135, 14, 32]","[25, 74, 93]"
s7_it16,s7_it26,7,16,1,7,26,0.3,2,3,"[30, 120, 64]","[141, 43, 94]"
s6_it28,s6_it29,6,28,1,6,29,0.3,2,2,"[88, 39, 34]","[121, 14, 112]"
s0_it13,s0_it2,0,13,0,0,2,0.2222,2,3,"[141, 134, 102]","[73, 71, 14]"
s1_it12,s1_it8,1,12,0,1,8,0.125,2,3,"[133, 17, 107]","[105, 18, 125]"
s6_it24,s6_it25,6,24,1,6,25,0.5714,2,2,"[42, 2, 21]","[107, 1, 147]"
s6_it6,s6_it18,6,6,0,6,18,0.4444,3,2,"[52, 41, 13]","[51, 91, 78]"
s5_it50,s5_it69,5,50,2,5,69,0.2727,3,3,"[7, 135, 91]","[106, 123, 0]"
s4_it33,s4_it38,4,33,1,4,38,0.25,2,3,"[124, 90, 73]","[85, 43, 149]"
s6_it45,s6_it60,6,45,2,6,60,0.375,2,3,"[22, 67, 49]","[92, 110, 98]"
s5_it32,s5_it45,5,32,1,5,45,0.5714,2,3,"[42, 8, 33]","[71, 104, 55]"
s5_it46,s5_it26,5,46,1,5,26,0.3636,3,3,"[3, 139, 26]","[147, 22, 60]"
s4_it29,s4_it36,4,29,1,4,36,0.4,3,3,"[33, 96, 29]","[60, 114, 22]"
s6_it41,s6_it24,6,41,1,6,24,0.375,2,2,"[25, 96, 12]","[42, 2, 21]"
s1_it24,s1_it19,1,24,1,1,19,0.5,2,2,"[11, 47, 136]","[39, 89, 45]"
s1_it32,s1_it27,1,32,2,1,27,0.25,0,2,"[102, 117, 80]","[4, 149, 50]"
s6_it44,s6_it47,6,44,2,6,47,0.4444,3,3,"[23, 85, 108]","[125, 69, 5]"
s7_it20,s7_it27,7,20,1,7,27,0.5,2,2,"[52, 56, 50]","[67, 85, 106]"
s6_it40,s6_it26,6,40,1,6,26,0.2,3,2,"[101, 141, 123]","[26, 76, 17]"
s2_it11,s2_it6,2,11,0,2,6,0.5,2,2,"[1, 2, 27]","[55, 80, 99]"
s0_it3,s0_it1,0,3,0,0,1,0.125,3,2,"[46, 136, 142]","[27, 67, 54]"
s2_it25,s2_it21,2,25,1,2,21,0.1111,2,2,"[34, 123, 116]","[107, 32, 89]"
s5_it6,s5_it4,5,6,0,5,4,0.375,3,2,"[92, 149, 34]","[59, 142, 106]"
s5_it20,s5_it5,5,20,0,5,5,0.375,1,2,"[15, 67, 90]","[24, 11, 148]"
s3_it20,s3_it18,3,20,1,3,18,0.4444,3,2,"[98, 26, 111]","[57, 48, 39]"
s5_it66,s5_it65,5,66,2,5,65,0.5714,3,3,"[39, 49, 139]","[115, 86, 19]"
s2_it7,s2_it11,2,7,0,2,11,0.1429,2,2,"[137, 120, 24]","[1, 2, 27]"
s5_it2,s5_it12,5,2,0,5,12,0.2727,3,2,"[14, 85, 107]","[41, 17, 62]"
s4_it63,s4_it44,4,63,2,4,44,0.2,3,2,"[133, 35, 112]","[6, 54, 67]"
s5_it62,s5_it57,5,62,2,5,57,0.2,3,3,"[41, 52, 149]","[27, 96, 11]"
s3_it19,s3_it21,3,19,1,3,21,0.3,3,2,"[96, 2, 7]","[75, 18, 1]"
s4_it45,s4_it59,4,45,2,4,59,0.1,3,3,"[27, 44, 70]","[22, 105, 114]"
s7_it40,s7_it36,7,40,2,7,36,0.4,3,3,"[146, 53, 37]","[81, 114, 74]"
s0_it23,s0_it25,0,23,1,0,25,0.1,2,2,"[83, 49, 112]","[128, 87, 98]"
s0_it37,s0_it39,0,37,2,0,39,0.25,2,3,"[92, 11, 1]","[33, 147, 110]"
s6_it10,s6_it5,6,10,0,6,5,0.4545,2,3,"[18, 8, 60]","[7, 146, 44]"
s7_it36,s7_it40,7,36,2,7,40,0.4,3,3,"[81, 114, 74]","[146, 53, 37]"
s1_it1,s1_it3,1,1,0,1,3,0.5,2,3,"[116, 57, 103]","[78, 129, 130]"
s3_it40,s3_it34,3,40,2,3,34,0.4286,2,3,"[112, 117, 92]","[86, 148, 27]"
s6_it56,s6_it44,6,56,2,6,44,0.25,3,3,"[42, 142, 71]","[23, 85, 108]"
s0_it19,s0_it18,0,19,1,0,18,0.2222,2,2,"[4, 82, 16]","[48, 43, 5]"
s2_it41,s2_it34,2,41,2,2,34,0.3,2,3,"[30, 22, 71]","[75, 111, 135]"
s5_it36,s5_it30,5,36,1,5,30,0.2,1,3,"[23, 118, 80]","[108, 76, 146]"
s4_it19,s4_it2,4,19,0,4,2,0.3333,2,2,"[48, 143, 14]","[51, 97, 75]"
s1_it35,s1_it28,1,35,2,1,28,0.25,2,2,"[37, 132, 113]","[88, 111, 75]"
s7_it35,s7_it39,7,35,2,7,39,0.1,2,3,"[147, 47, 144]","[73, 128, 69]"
s5_it35,s5_it38,5,35,1,5,38,0.6667,2,3,"[49, 110, 88]","[129, 37, 115]"
s4_it15,s4_it19,4,15,0,4,19,0.2,3,2,"[81, 107, 2]","[48, 143, 14]"
s3_it35,s3_it41,3,35,2,3,41,0.2308,3,3,"[63, 107, 4]","[76, 60, 34]"
s4_it61,s4_it64,4,61,2,4,64,0.2222,3,2,"[15, 92, 134]","[108, 30, 130]"
s6_it30,s6_it33,6,30,1,6,33,0.75,2,2,"[133, 86, 117]","[77, 31, 109]"
s4_it11,s4_it3,4,11,0,4,3,0.3,2,2,"[28, 12, 146]","[34, 58, 50]"
s3_it31,s3_it33,3,31,2,3,33,0.3333,3,2,"[68, 44, 109]","[133, 80, 55]"
s6_it26,s6_it34,6,26,1,6,34,0.375,2,2,"[26, 76, 17]","[118, 3, 64]"
s5_it13,s5_it14,5,13,0,5,14,0.3333,2,2,"[9, 72, 109]","[138, 144, 64]"
s1_it9,s1_it10,1,9,0,1,10,0.3,3,3,"[94, 60, 66]","[127, 43, 55]"
s7_it9,s7_it10,7,9,0,7,10,0.75,1,3,"[77, 113, 126]","[34, 98, 41]"
s0_it35,s0_it33,0,35,2,0,33,0.2222,2,3,"[80, 85, 100]","[93, 31, 42]"
s6_it22,s6_it36,6,22,1,6,36,0.4,2,2,"[16, 116, 134]","[65, 135, 106]"
s5_it52,s5_it54,5,52,2,5,54,0.6667,2,3,"[54, 133, 138]","[127, 141, 69]"
s1_it5,s1_it6,1,5,0,1,6,0.4444,3,3,"[62, 33, 128]","[52, 96, 91]"
s7_it5,s7_it8,7,5,0,7,8,0.25,2,2,"[89, 83, 99]","[102, 97, 92]"
s1_it13,s1_it11,1,13,0,1,11,0.3,2,2,"[123, 84, 73]","[148, 8, 106]"
s4_it35,s4_it25,4,35,1,4,25,0.2222,3,2,"[134, 115, 35]","[8, 25, 18]"
s4_it49,s4_it50,4,49,2,4,50,0.3333,3,2,"[23, 39, 122]","[101, 26, 77]"
s5_it48,s5_it53,5,48,2,5,53,0.5,2,2,"[95, 28, 40]","[97, 51, 114]"
s7_it1,s7_it11,7,1,0,7,11,0.2222,1,2,"[51, 45, 0]","[90, 105, 134]"
s3_it5,s3_it13,3,5,0,3,13,0.4286,3,2,"[25, 147, 113]","[42, 87, 6]"
s5_it51,s5_it48,5,51,2,5,48,0.5,2,2,"[33, 1, 122]","[95, 28, 40]"
s4_it31,s4_it34,4,31,1,4,34,0.1818,3,2,"[36, 76, 130]","[123, 0, 38]"
s6_it46,s6_it57,6,46,2,6,57,0.3,1,3,"[24, 105, 50]","[39, 73, 29]"
s6_it60,s6_it45,6,60,2,6,45,0.375,3,2,"[92, 110, 98]","[22, 67, 49]"
s3_it1,s3_it9,3,1,0,3,9,0.2857,1,2,"[138, 126, 129]","[95, 67, 28]"
s5_it47,s5_it49,5,47,2,5,49,0.25,3,2,"[97, 145, 120]","[13, 63, 119]"
s3_it39,s3_it31,3,39,2,3,31,0.375,3,3,"[100, 91, 149]","[68, 44, 109]"
s6_it42,s6_it51,6,42,2,6,51,0.125,2,2,"[89, 56, 32]","[40, 143, 136]"
s1_it25,s1_it35,1,25,2,1,35,0.2857,3,2,"[46, 22, 100]","[37, 132, 113]"
s7_it39,s7_it37,7,39,2,7,37,0.3,3,2,"[73, 128, 69]","[13, 133, 87]"
s4_it26,s4_it27,4,26,1,4,27,0.2222,2,2,"[117, 105, 68]","[128, 104, 59]"
s2_it1,s2_it7,2,1,0,2,7,0.2857,2,2,"[49, 87, 115]","[137, 120, 24]"
s1_it21,s1_it20,1,21,1,1,20,0.0909,3,3,"[139, 72, 76]","[19, 101, 146]"
s7_it21,s7_it20,7,21,1,7,20,0.5,1,2,"[88, 35, 48]","[52, 56, 50]"
s0_it18,s0_it19,0,18,1,0,19,0.2222,2,2,"[48, 43, 5]","[4, 82, 16]"
s3_it13,s3_it7,3,13,0,3,7,0.2857,2,2,"[42, 87, 6]","[134, 30, 142]"
s3_it21,s3_it23,3,21,1,3,23,0.1,2,2,"[75, 18, 1]","[115, 11, 79]"
s4_it39,s4_it26,4,39,1,4,26,0.5714,1,2,"[118, 11, 47]","[117, 105, 68]"
s5_it17,s5_it13,5,17,0,5,13,0.125,2,2,"[134, 102, 122]","[9, 72, 109]"
s2_it39,s2_it43,2,39,2,2,43,0.2857,1,3,"[17, 117, 41]","[114, 108, 97]"
s5_it63,s5_it51,5,63,2,5,51,0.2222,2,2,"[55, 117, 62]","[33, 1, 122]"
s6_it12,s6_it19,6,12,0,6,19,0.6,1,2,"[59, 79, 98]","[6, 99, 87]"
s6_it50,s6_it42,6,50,2,6,42,0.3,3,2,"[66, 124, 20]","[89, 56, 32]"
s6_it58,s6_it53,6,58,2,6,53,0.25,3,2,"[52, 108, 139]","[88, 140, 27]"
s6_it8,s6_it10,6,8,0,6,10,0.2727,3,2,"[130, 63, 35]","[18, 8, 60]"
s0_it38,s0_it32,0,38,2,0,32,0.4,2,2,"[119, 144, 7]","[8, 105, 41]"
s6_it11,s6_it4,6,11,0,6,4,0.3333,2,2,"[36, 138, 127]","[68, 102, 149]"
s7_it37,s7_it34,7,37,2,7,34,0.3333,2,2,"[13, 133, 87]","[8, 91, 70]"
s2_it34,s2_it42,2,34,2,2,42,0.2,3,2,"[75, 111, 135]","[148, 67, 136]"
s2_it42,s2_it33,2,42,2,2,33,0.2222,2,2,"[148, 67, 136]","[106, 139, 45]"
s0_it34,s0_it28,0,34,2,0,28,0.2,3,2,"[63, 123, 0]","[62, 65, 145]"
s6_it7,s6_it20,6,7,0,6,20,0.5,1,2,"[129, 132, 10]","[94, 27, 90]"
s5_it37,s5_it27,5,37,1,5,27,0.6667,3,3,"[86, 69, 25]","[81, 105, 114]"
s3_it29,s3_it32,3,29,2,3,32,0.2222,3,2,"[125, 43, 29]","[116, 64, 53]"
s2_it16,s2_it15,2,16,1,2,15,0.1111,2,2,"[36, 118, 6]","[126, 103, 74]"
s0_it16,s0_it21,0,16,1,0,21,0.25,3,2,"[34, 44, 53]","[68, 52, 12]"
s0_it30,s0_it37,0,30,2,0,37,0.5,2,2,"[69, 146, 30]","[92, 11, 1]"
s3_it11,s3_it12,3,11,0,3,12,0.3,2,2,"[22, 9, 130]","[90, 58, 124]"
s5_it33,s5_it41,5,33,1,5,41,0.1818,3,3,"[128, 113, 53]","[111, 0, 123]"
s4_it16,s4_it6,4,16,0,4,6,0.375,2,2,"[1, 86, 139]","[94, 131, 46]"
s4_it30,s4_it43,4,30,1,4,43,0.4286,3,2,"[20, 57, 55]","[24, 69, 66]"
s1_it11,s1_it1,1,11,0,1,1,0.3333,2,2,"[148, 8, 106]","[116, 57, 103]"
s7_it11,s7_it4,7,11,0,7,4,0.6667,2,2,"[90, 105, 134]","[132, 16, 95]"
s5_it29,s5_it33,5,29,1,5,33,0.375,3,3,"[39, 94, 43]","[128, 113, 53]"
s7_it25,s7_it17,7,25,1,7,17,0.3333,3,2,"[115, 139, 36]","[4, 29, 119]"
s4_it12,s4_it16,4,12,0,4,16,0.2857,2,2,"[4, 148, 9]","[1, 86, 139]"
s7_it7,s7_it3,7,7,0,7,3,0.1,3,2,"[2, 75, 55]","[32, 86, 11]"
s0_it4,s0_it13,0,4,0,0,13,0.1111,2,2,"[29, 106, 121]","[141, 134, 102]"
s1_it3,s1_it12,1,3,0,1,12,0.25,3,2,"[78, 129, 130]","[133, 17, 107]"
s7_it3,s7_it5,7,3,0,7,5,0.4286,2,2,"[32, 86, 11]","[89, 83, 99]"
s5_it45,s5_it32,5,45,1,5,32,0.5714,3,2,"[71, 104, 55]","[42, 8, 33]"
s1_it6,s1_it13,1,6,0,1,13,0.5556,3,2,"[52, 96, 91]","[123, 84, 73]"
s4_it50,s4_it52,4,50,2,4,52,0.3,2,2,"[101, 26, 77]","[116, 124, 13]"
s5_it41,s5_it40,5,41,1,5,40,0.2,3,2,"[111, 0, 123]","[130, 137, 121]"
s1_it2,s1_it5,1,2,0,1,5,0.4286,1,3,"[144, 40, 21]","[62, 33, 128]"
s3_it41,s3_it40,3,41,2,3,40,0.2727,3,2,"[76, 60, 34]","[112, 117, 92]"
s7_it2,s7_it12,7,2,0,7,12,0.2,3,2,"[25, 27, 33]","[49, 1, 112]"
s4_it24,s4_it42,4,24,1,4,42,0.3333,3,2,"[137, 98, 120]","[37, 145, 21]"
s7_it41,s7_it31,7,41,2,7,31,0.25,3,2,"[135, 109, 71]","[40, 140, 68]"
s3_it2,s3_it3,3,2,0,3,3,0.3333,2,2,"[5, 85, 82]","[108, 31, 47]"
s4_it20,s4_it12,4,20,0,4,12,0.2857,3,2,"[78, 3, 53]","[4, 148, 9]"
s4_it28,s4_it33,4,28,1,4,33,0.3333,1,2,"[83, 10, 142]","[124, 90, 73]"
s1_it23,s1_it16,1,23,1,1,16,0.3636,3,2,"[13, 147, 122]","[135, 14, 32]"
s2_it20,s2_it16,2,20,1,2,16,0.125,2,2,"[90, 146, 129]","[36, 118, 6]"
s0_it20,s0_it23,0,20,1,0,23,0.4,3,2,"[74, 39, 2]","[83, 49, 112]"
s3_it15,s3_it11,3,15,0,3,11,0.2222,1,2,"[51, 71, 32]","[22, 9, 130]"
s6_it31,s6_it37,6,31,1,6,37,0.625,3,2,"[11, 15, 113]","[62, 46, 83]"
s5_it61,s5_it52,5,61,2,5,52,0.3333,3,2,"[68, 29, 137]","[54, 133, 138]"
s2_it2,s2_it12,2,2,0,2,12,0.5,3,2,"[109, 145, 19]","[77, 13, 15]"
s6_it39,s6_it28,6,39,1,6,28,0.2222,3,2,"[140, 122, 144]","[88, 39, 34]"
s0_it2,s0_it4,0,2,0,0,4,0.3636,3,2,"[73, 71, 14]","[29, 106, 121]"
s4_it58,s4_it54,4,58,2,4,54,0.25,3,2,"[113, 57, 140]","[47, 91, 18]"
s5_it57,s5_it67,5,57,2,5,67,0.2,3,2,"[27, 96, 11]","[58, 35, 65]"
s4_it2,s4_it11,4,2,0,4,11,0.375,2,2,"[51, 97, 75]","[28, 12, 146]"
s1_it18,s1_it17,1,18,1,1,17,0.1818,3,2,"[25, 74, 93]","[49, 10, 41]"
s4_it40,s4_it41,4,40,1,4,41,0.0909,3,2,"[112, 108, 109]","[93, 111, 80]"
s5_it10,s5_it24,5,10,0,5,24,0.4286,1,2,"[87, 103, 132]","[98, 73, 51]"
s5_it18,s5_it3,5,18,0,5,3,0.5714,3,2,"[141, 54, 74]","[89, 44, 47]"
s3_it10,s3_it2,3,10,0,3,2,0.2222,3,2,"[128, 137, 62]","[5, 85, 82]"
s5_it56,s5_it63,5,56,2,5,63,0.5,3,2,"[72, 105, 130]","[55, 117, 62]"
s4_it36,s4_it24,4,36,1,4,24,0.0,3,3,"[60, 114, 22]","[137, 98, 120]"
s6_it5,s6_it14,6,5,0,6,14,0.5,3,2,"[7, 146, 44]","[128, 19, 30]"
s0_it40,s0_it38,0,40,2,0,38,0.4444,2,2,"[56, 61, 70]","[119, 144, 7]"
s6_it13,s6_it9,6,13,0,6,9,0.3,2,2,"[84, 115, 137]","[54, 131, 142]"
s6_it51,s6_it59,6,51,2,6,59,0.4286,2,2,"[40, 143, 136]","[1, 2, 145]"
s5_it14,s5_it15,5,14,0,5,15,0.1111,2,2,"[138, 144, 64]","[116, 70, 96]"
s3_it6,s3_it8,3,6,0,3,8,0.25,1,3,"[65, 81, 84]","[14, 23, 106]"
s2_it36,s2_it32,2,36,2,2,32,0.2222,3,2,"[101, 57, 149]","[91, 51, 20]"
s0_it36,s0_it40,0,36,2,0,40,0.3,1,2,"[90, 51, 149]","[56, 61, 70]"
s5_it31,s5_it39,5,31,1,5,39,0.4,2,2,"[75, 77, 101]","[140, 21, 27]"
s6_it9,s6_it13,6,9,0,6,13,0.3,2,2,"[54, 131, 142]","[84, 115, 137]"
s6_it47,s6_it49,6,47,2,6,49,0.1429,3,2,"[125, 69, 5]","[37, 0, 9]"
s2_it18,s2_it20,2,18,1,2,20,0.3333,2,2,"[105, 73, 84]","[90, 146, 129]"
s7_it6,s7_it13,7,6,0,7,13,0.3333,3,2,"[143, 142, 103]","[145, 117, 125]"
s2_it32,s2_it40,2,32,2,2,40,0.25,2,2,"[91, 51, 20]","[121, 3, 29]"
s0_it32,s0_it30,0,32,2,0,30,0.3,2,2,"[8, 105, 41]","[69, 146, 30]"
s5_it27,s5_it31,5,27,1,5,31,0.3,3,2,"[81, 105, 114]","[75, 77, 101]"
s3_it30,s3_it42,3,30,2,3,42,0.4286,3,2,"[89, 52, 74]","[110, 105, 131]"
s5_it26,s5_it42,5,26,1,5,42,0.75,3,2,"[147, 22, 60]","[16, 56, 126]"
s4_it6,s4_it1,4,6,0,4,1,0.2222,2,3,"[94, 131, 46]","[13, 136, 91]"
s3_it26,s3_it27,3,26,1,3,27,0.4286,3,2,"[136, 13, 72]","[119, 69, 41]"
s6_it21,s6_it30,6,21,1,6,30,0.4286,3,2,"[100, 97, 43]","[133, 86, 117]"
s2_it6,s2_it10,2,6,0,2,10,0.2857,2,2,"[55, 80, 99]","[5, 138, 11]"
s5_it22,s5_it9,5,22,0,5,9,0.2222,3,3,"[125, 5, 57]","[68, 4, 31]"
s0_it6,s0_it14,0,6,0,0,14,0.5,3,2,"[108, 115, 60]","[76, 86, 17]"
s3_it22,s3_it26,3,22,1,3,26,0.5,2,3,"[19, 88, 70]","[136, 13, 72]"
s4_it5,s4_it7,4,5,0,4,7,0.0,3,3,"[16, 95, 63]","[71, 135, 100]"
s6_it17,s6_it2,6,17,0,6,2,0.4,3,2,"[139, 57, 114]","[111, 40, 74]"
s1_it22,s1_it24,1,22,1,1,24,0.6,3,2,"[137, 95, 20]","[11, 47, 136]"
s7_it22,s7_it19,7,22,1,7,19,0.1429,2,2,"[80, 123, 127]","[44, 116, 20]"
s4_it1,s4_it15,4,1,0,4,15,0.4286,3,3,"[13, 136, 91]","[81, 107, 2]"
s0_it5,s0_it9,0,5,0,0,9,0.25,1,2,"[21, 132, 99]","[125, 20, 88]"
s1_it4,s1_it9,1,4,0,1,9,0.2727,1,3,"[121, 9, 108]","[94, 60, 66]"
s7_it4,s7_it2,7,4,0,7,2,0.4286,2,3,"[132, 16, 95]","[25, 27, 33]"
s0_it1,s0_it11,0,1,0,0,11,0.2222,2,2,"[27, 67, 54]","[139, 47, 22]"
s5_it42,s5_it43,5,42,1,5,43,0.4286,2,2,"[16, 56, 126]","[79, 35, 18]"
s3_it42,s3_it37,3,42,2,3,37,0.4286,2,2,"[110, 105, 131]","[56, 73, 102]"
s6_it37,s6_it41,6,37,1,6,41,0.3333,2,2,"[62, 46, 83]","[25, 96, 12]"
s2_it22,s2_it25,2,22,1,2,25,0.2222,3,2,"[26, 70, 52]","[34, 123, 116]"
s5_it38,s5_it35,5,38,1,5,35,0.6667,3,2,"[129, 37, 115]","[49, 110, 88]"
s7_it42,s7_it30,7,42,2,7,30,0.2727,3,2,"[5, 28, 124]","[58, 136, 59]"
s4_it21,s4_it20,4,21,0,4,20,0.25,1,3,"[129, 87, 88]","[78, 3, 53]"
s6_it33,s6_it21,6,33,1,6,21,0.5,2,3,"[77, 31, 109]","[100, 97, 43]"
s4_it60,s4_it55,4,60,2,4,55,0.2857,1,2,"[8, 121, 143]","[61, 101, 29]"
s0_it21,s0_it27,0,21,1,0,27,0.3,2,2,"[68, 52, 12]","[111, 38, 13]"
s7_it12,s7_it6,7,12,0,7,6,0.3,2,3,"[49, 1, 112]","[143, 142, 103]"
s1_it20,s1_it23,1,20,1,1,23,0.3333,3,3,"[19, 101, 146]","[13, 147, 122]"
s6_it32,s6_it38,6,32,1,6,38,0.4286,1,3,"[45, 38, 55]","[136, 143, 75]"
s1_it34,s1_it31,1,34,2,1,31,0.2222,3,3,"[71, 141, 2]","[64, 42, 15]"
s2_it17,s2_it18,2,17,1,2,18,0.25,1,2,"[47, 12, 0]","[105, 73, 84]"
s4_it56,s4_it62,4,56,2,4,62,0.1111,3,2,"[123, 89, 41]","[131, 36, 52]"
s0_it17,s0_it24,0,17,1,0,24,0.2857,1,2,"[59, 9, 96]","[117, 36, 75]"
s5_it12,s5_it16,5,12,0,5,16,0.6667,2,3,"[41, 17, 62]","[136, 112, 6]"
s3_it12,s3_it10,3,12,0,3,10,0.2727,2,3,"[90, 58, 124]","[128, 137, 62]"
s2_it13,s2_it3,2,13,0,2,3,0.5556,2,2,"[42, 8, 33]","[10, 133, 96]"
s5_it8,s5_it19,5,8,0,5,19,0.5,1,3,"[65, 30, 124]","[133, 29, 52]"
s4_it55,s4_it46,4,55,2,4,46,0.1111,2,3,"[61, 101, 29]","[92, 133, 56]"
s3_it8,s3_it14,3,8,0,3,14,0.2727,3,3,"[14, 23, 106]","[104, 0, 123]"
s5_it54,s5_it47,5,54,2,5,47,0.1667,3,3,"[127, 141, 69]","[97, 145, 120]"
s4_it51,s4_it47,4,51,2,4,47,0.4,3,3,"[144, 43, 2]","[15, 74, 140]"
s2_it37,s2_it41,2,37,2,2,41,0.0769,3,2,"[122, 86, 112]","[30, 22, 71]"
s0_it29,s0_it35,0,29,2,0,35,0.3,3,2,"[148, 109, 57]","[80, 85, 100]"
s6_it2,s6_it11,6,2,0,6,11,0.125,2,2,"[111, 40, 74]","[36, 138, 127]"
s1_it28,s1_it25,1,28,2,1,25,0.1818,2,3,"[88, 111, 75]","[46, 22, 100]"
s2_it33,s2_it38,2,33,2,2,38,0.2857,2,2,"[106, 139, 45]","[46, 125, 65]"
s0_it25,s0_it15,0,25,1,0,15,0.2857,2,2,"[128, 87, 98]","[114, 127, 118]"
s0_it33,s0_it29,0,33,2,0,29,0.6667,3,3,"[93, 31, 42]","[148, 109, 57]"
s3_it28,s3_it22,3,28,1,3,22,0.2,3,2,"[20, 127, 35]","[19, 88, 70]"
s2_it29,s2_it30,2,29,2,2,30,0.25,3,3,"[140, 144, 63]","[35, 62, 31]"
s4_it25,s4_it35,4,25,1,4,35,0.2222,2,3,"[8, 25, 18]","[134, 115, 35]"
s5_it24,s5_it6,5,24,0,5,6,0.2222,2,3,"[98, 73, 51]","[92, 149, 34]"
s3_it24,s3_it25,3,24,1,3,25,0.5,1,3,"[61, 8, 15]","[36, 122, 78]"
s4_it7,s4_it17,4,7,0,4,17,0.2,3,3,"[71, 135, 100]","[103, 125, 7]"
s6_it36,s6_it39,6,36,1,6,39,0.25,2,3,"[65, 135, 106]","[140, 122, 144]"
s4_it3,s4_it5,4,3,0,4,5,0.4444,2,3,"[34, 58, 50]","[16, 95, 63]"
s3_it23,s3_it28,3,23,1,3,28,0.2857,2,3,"[115, 11, 79]","[20, 127, 35]"
s6_it18,s6_it6,6,18,0,6,6,0.4444,2,3,"[51, 91, 78]","[52, 41, 13]"
s2_it3,s2_it8,2,3,0,2,8,0.3077,2,3,"[10, 133, 96]","[60, 69, 76]"
s7_it23,s7_it22,7,23,1,7,22,0.0,3,2,"[62, 19, 76]","[80, 123, 127]"
s6_it14,s6_it8,6,14,0,6,8,0.4286,2,3,"[128, 19, 30]","[130, 63, 35]"
s5_it44,s5_it29,5,44,1,5,29,0.5,3,3,"[143, 99, 46]","[39, 94, 43]"
s3_it36,s3_it38,3,36,2,3,38,0.2857,1,2,"[12, 46, 17]","[93, 50, 54]"
s4_it41,s4_it37,4,41,1,4,37,0.4286,2,3,"[93, 111, 80]","[31, 64, 49]"
s5_it40,s5_it44,5,40,1,5,44,0.4286,2,3,"[130, 137, 121]","[143, 99, 46]"
s3_it32,s3_it30,3,32,2,3,30,0.375,2,3,"[116, 64, 53]","[89, 52, 74]"
s4_it37,s4_it40,4,37,1,4,40,0.3333,3,3,"[31, 64, 49]","[112, 108, 109]"
s7_it32,s7_it33,7,32,2,7,33,0.2727,3,2,"[110, 63, 26]","[79, 7, 72]"
s6_it52,s6_it43,6,52,2,6,43,0.5455,3,3,"[100, 13, 54]","[103, 104, 92]"
s2_it23,s2_it22,2,23,1,2,22,0.5,3,3,"[134, 66, 85]","[26, 70, 52]"
s5_it39,s5_it46,5,39,1,5,46,0.125,2,3,"[140, 21, 27]","[3, 139, 26]"
s0_it15,s0_it20,0,15,1,0,20,0.2,2,3,"[114, 127, 118]","[74, 39, 2]"
s6_it48,s6_it52,6,48,2,6,52,0.3636,3,3,"[81, 95, 120]","[100, 13, 54]"
s2_it19,s2_it28,2,19,1,2,28,0.3333,2,3,"[50, 4, 56]","[147, 58, 98]"
s1_it31,s1_it34,1,31,2,1,34,0.2222,3,3,"[64, 42, 15]","[71, 141, 2]"
s7_it31,s7_it35,7,31,2,7,35,0.125,2,2,"[40, 140, 68]","[147, 47, 144]"
s0_it11,s0_it3,0,11,0,0,3,0.25,2,3,"[139, 47, 22]","[46, 136, 142]"
s2_it15,s2_it23,2,15,1,2,23,0.3333,2,3,"[126, 103, 74]","[134, 66, 85]"
s1_it27,s1_it29,1,27,2,1,29,0.1111,2,2,"[4, 149, 50]","[36, 38, 140]"
s7_it27,s7_it14,7,27,1,7,14,0.0909,2,3,"[67, 85, 106]","[60, 78, 3]"
s4_it57,s4_it51,4,57,2,4,51,0.1,1,3,"[87, 84, 122]","[144, 43, 2]"
