B_id,Bprime_id,arm,draw,child_sum,parent_B_sum,accept,margin,cum_spend
s0_it1,s0_it13,iv,2,1.4167,1.0833,1,0.3333,0.0123
s0_it1,s0_it13,i,0,1.8333,1.0833,1,0.75,0.0214
s0_it1,s0_it13,iv,0,1.4167,1.0833,1,0.3333,0.0289
s0_it1,s0_it13,i,1,1.4167,1.0833,1,0.3333,0.0371
s0_it1,s0_it13,i,2,1.0833,1.0833,0,0.0,0.0436
s0_it1,s0_it13,iv,1,1.6667,1.0833,1,0.5833,0.0533
s0_it2,s0_it10,iv,1,1.8,1.2667,1,0.5333,0.0783
s0_it2,s0_it10,i,1,1.4333,1.2667,1,0.1667,0.0871
s0_it2,s0_it10,i,0,1.0667,1.2667,0,-0.2,0.0932
s0_it2,s0_it10,i,2,1.2667,1.2667,0,0.0,0.0993
s0_it2,s0_it10,iv,0,1.1333,1.2667,0,-0.1333,0.1089
s0_it2,s0_it10,iv,2,1.4667,1.2667,1,0.2,0.1206
s0_it3,s0_it5,iv,1,1.3333,1.3333,0,0.0,0.1326
s0_it3,s0_it5,i,0,1.3333,1.3333,0,0.0,0.1444
s0_it3,s0_it5,iv,2,1.3333,1.3333,0,0.0,0.1532
s0_it3,s0_it5,i,1,1.3333,1.3333,0,0.0,0.1606
s0_it3,s0_it5,i,2,1.3333,1.3333,0,0.0,0.1668
s0_it3,s0_it5,iv,0,1.3333,1.3333,0,0.0,0.1727
s0_it4,s0_it6,i,0,1.5833,1.25,1,0.3333,0.1951
s0_it4,s0_it6,iv,2,0.8333,1.25,0,-0.4167,0.2121
s0_it4,s0_it6,i,1,0.3333,1.25,0,-0.9167,0.2756
s0_it4,s0_it6,iv,0,1.25,1.25,0,0.0,0.2932
s0_it4,s0_it6,i,2,1.9167,1.25,1,0.6667,0.3058
s0_it4,s0_it6,iv,1,1.25,1.25,0,0.0,0.3201
s0_it5,s0_it12,iv,1,2.0,2.0,0,0.0,0.3282
s0_it5,s0_it12,i,2,2.0,2.0,0,0.0,0.3351
s0_it5,s0_it12,iv,0,2.0,2.0,0,0.0,0.3426
