B_id,seed,iteration,tercile,Bprime_seed,Bprime_iteration,B_ids,Bprime_ids
s0_it1,0,1,0,0,13,"[27, 67, 54]","[141, 134, 102]"
s0_it2,0,2,0,0,10,"[73, 71, 14]","[58, 3, 19]"
s0_it3,0,3,0,0,5,"[46, 136, 142]","[21, 132, 99]"
s0_it4,0,4,0,0,6,"[29, 106, 121]","[108, 115, 60]"
s0_it5,0,5,0,0,12,"[21, 132, 99]","[97, 94, 95]"
s0_it6,0,6,0,0,3,"[108, 115, 60]","[46, 136, 142]"
s0_it8,0,8,0,0,1,"[101, 113, 6]","[27, 67, 54]"
s0_it9,0,9,0,0,8,"[125, 20, 88]","[101, 113, 6]"
s0_it10,0,10,0,0,11,"[58, 3, 19]","[139, 47, 22]"
s0_it11,0,11,0,0,9,"[139, 47, 22]","[125, 20, 88]"
s0_it12,0,12,0,0,4,"[97, 94, 95]","[29, 106, 121]"
s0_it13,0,13,0,0,14,"[141, 134, 102]","[76, 86, 17]"
s0_it14,0,14,0,0,2,"[76, 86, 17]","[73, 71, 14]"
s0_it15,0,15,1,0,19,"[114, 127, 118]","[4, 82, 16]"
s0_it16,0,16,1,0,25,"[34, 44, 53]","[128, 87, 98]"
s0_it17,0,17,1,0,15,"[59, 9, 96]","[114, 127, 118]"
s0_it18,0,18,1,0,21,"[48, 43, 5]","[68, 52, 12]"
s0_it19,0,19,1,0,20,"[4, 82, 16]","[74, 39, 2]"
s0_it20,0,20,1,0,16,"[74, 39, 2]","[34, 44, 53]"
s0_it21,0,21,1,0,17,"[68, 52, 12]","[59, 9, 96]"
s0_it22,0,22,1,0,24,"[23, 143, 89]","[117, 36, 75]"
s0_it23,0,23,1,0,27,"[83, 49, 112]","[111, 38, 13]"
s0_it24,0,24,1,0,22,"[117, 36, 75]","[23, 143, 89]"
s0_it25,0,25,1,0,26,"[128, 87, 98]","[104, 15, 133]"
s0_it26,0,26,1,0,18,"[104, 15, 133]","[48, 43, 5]"
s0_it27,0,27,1,0,23,"[111, 38, 13]","[83, 49, 112]"
s0_it28,0,28,2,0,34,"[62, 65, 145]","[63, 123, 0]"
s0_it29,0,29,2,0,33,"[148, 109, 57]","[93, 31, 42]"
s0_it30,0,30,2,0,32,"[69, 146, 30]","[8, 105, 41]"
s0_it31,0,31,2,0,39,"[28, 137, 135]","[33, 147, 110]"
s0_it32,0,32,2,0,35,"[8, 105, 41]","[80, 85, 100]"
s0_it33,0,33,2,0,28,"[93, 31, 42]","[62, 65, 145]"
s0_it34,0,34,2,0,37,"[63, 123, 0]","[92, 11, 1]"
s0_it35,0,35,2,0,38,"[80, 85, 100]","[119, 144, 7]"
s0_it36,0,36,2,0,30,"[90, 51, 149]","[69, 146, 30]"
s0_it37,0,37,2,0,29,"[92, 11, 1]","[148, 109, 57]"
s0_it38,0,38,2,0,36,"[119, 144, 7]","[90, 51, 149]"
s0_it39,0,39,2,0,31,"[33, 147, 110]","[28, 137, 135]"
s0_it40,0,40,2,0,32,"[56, 61, 70]","[8, 105, 41]"
s1_it1,1,1,0,1,6,"[116, 57, 103]","[52, 96, 91]"
s1_it2,1,2,0,1,5,"[144, 40, 21]","[62, 33, 128]"
s1_it3,1,3,0,1,4,"[78, 129, 130]","[121, 9, 108]"
s1_it4,1,4,0,1,12,"[121, 9, 108]","[133, 17, 107]"
s1_it5,1,5,0,1,8,"[62, 33, 128]","[105, 18, 125]"
s1_it6,1,6,0,1,10,"[52, 96, 91]","[127, 43, 55]"
s1_it8,1,8,0,1,1,"[105, 18, 125]","[116, 57, 103]"
s1_it9,1,9,0,1,11,"[94, 60, 66]","[148, 8, 106]"
s1_it10,1,10,0,1,2,"[127, 43, 55]","[144, 40, 21]"
s1_it11,1,11,0,1,9,"[148, 8, 106]","[94, 60, 66]"
s1_it12,1,12,0,1,13,"[133, 17, 107]","[123, 84, 73]"
s1_it13,1,13,0,1,3,"[123, 84, 73]","[78, 129, 130]"
s1_it14,1,14,1,1,16,"[98, 79, 77]","[135, 14, 32]"
s1_it15,1,15,1,1,23,"[35, 34, 104]","[13, 147, 122]"
s1_it16,1,16,1,1,22,"[135, 14, 32]","[137, 95, 20]"
s1_it17,1,17,1,1,15,"[49, 10, 41]","[35, 34, 104]"
s1_it18,1,18,1,1,14,"[25, 74, 93]","[98, 79, 77]"
s1_it19,1,19,1,1,24,"[39, 89, 45]","[11, 47, 136]"
s1_it20,1,20,1,1,17,"[19, 101, 146]","[49, 10, 41]"
s1_it21,1,21,1,1,20,"[139, 72, 76]","[19, 101, 146]"
s1_it22,1,22,1,1,21,"[137, 95, 20]","[139, 72, 76]"
s1_it23,1,23,1,1,18,"[13, 147, 122]","[25, 74, 93]"
s1_it24,1,24,1,1,19,"[11, 47, 136]","[39, 89, 45]"
s1_it25,1,25,2,1,33,"[46, 22, 100]","[23, 12, 82]"
s1_it26,1,26,2,1,32,"[51, 31, 61]","[102, 117, 80]"
s1_it27,1,27,2,1,28,"[4, 149, 50]","[88, 111, 75]"
s1_it28,1,28,2,1,31,"[88, 111, 75]","[64, 42, 15]"
s1_it29,1,29,2,1,25,"[36, 38, 140]","[46, 22, 100]"
s1_it30,1,30,2,1,35,"[85, 90, 118]","[37, 132, 113]"
s1_it31,1,31,2,1,34,"[64, 42, 15]","[71, 141, 2]"
s1_it32,1,32,2,1,29,"[102, 117, 80]","[36, 38, 140]"
s1_it33,1,33,2,1,26,"[23, 12, 82]","[51, 31, 61]"
s1_it34,1,34,2,1,30,"[71, 141, 2]","[85, 90, 118]"
s1_it35,1,35,2,1,27,"[37, 132, 113]","[4, 149, 50]"
s2_it1,2,1,0,2,12,"[49, 87, 115]","[77, 13, 15]"
s2_it2,2,2,0,2,3,"[109, 145, 19]","[10, 133, 96]"
s2_it3,2,3,0,2,8,"[10, 133, 96]","[60, 69, 76]"
s2_it4,2,4,0,2,9,"[18, 16, 141]","[143, 104, 132]"
s2_it5,2,5,0,2,11,"[131, 25, 79]","[1, 2, 27]"
s2_it6,2,6,0,2,14,"[55, 80, 99]","[48, 14, 37]"
s2_it7,2,7,0,2,2,"[137, 120, 24]","[109, 145, 19]"
s2_it8,2,8,0,2,5,"[60, 69, 76]","[131, 25, 79]"
s2_it9,2,9,0,2,10,"[143, 104, 132]","[5, 138, 11]"
s2_it10,2,10,0,2,13,"[5, 138, 11]","[42, 8, 33]"
s2_it11,2,11,0,2,6,"[1, 2, 27]","[55, 80, 99]"
s2_it12,2,12,0,2,1,"[77, 13, 15]","[49, 87, 115]"
s2_it13,2,13,0,2,4,"[42, 8, 33]","[18, 16, 141]"
s2_it14,2,14,0,2,7,"[48, 14, 37]","[137, 120, 24]"
s2_it15,2,15,1,2,17,"[126, 103, 74]","[47, 12, 0]"
s2_it16,2,16,1,2,21,"[36, 118, 6]","[107, 32, 89]"
s2_it17,2,17,1,2,28,"[47, 12, 0]","[147, 58, 98]"
s2_it18,2,18,1,2,22,"[105, 73, 84]","[26, 70, 52]"
s2_it19,2,19,1,2,15,"[50, 4, 56]","[126, 103, 74]"
s2_it20,2,20,1,2,23,"[90, 146, 129]","[134, 66, 85]"
s2_it21,2,21,1,2,19,"[107, 32, 89]","[50, 4, 56]"
s2_it22,2,22,1,2,26,"[26, 70, 52]","[28, 88, 82]"
s2_it23,2,23,1,2,27,"[134, 66, 85]","[127, 72, 44]"
s2_it24,2,24,1,2,16,"[38, 39, 61]","[36, 118, 6]"
s2_it25,2,25,1,2,24,"[34, 123, 116]","[38, 39, 61]"
s2_it26,2,26,1,2,20,"[28, 88, 82]","[90, 146, 129]"
s2_it27,2,27,1,2,25,"[127, 72, 44]","[34, 123, 116]"
s2_it28,2,28,1,2,18,"[147, 58, 98]","[105, 73, 84]"
s2_it29,2,29,2,2,30,"[140, 144, 63]","[35, 62, 31]"
s2_it30,2,30,2,2,38,"[35, 62, 31]","[46, 125, 65]"
s2_it32,2,32,2,2,37,"[91, 51, 20]","[122, 86, 112]"
s2_it33,2,33,2,2,29,"[106, 139, 45]","[140, 144, 63]"
s2_it34,2,34,2,2,36,"[75, 111, 135]","[101, 57, 149]"
s2_it35,2,35,2,2,32,"[124, 94, 53]","[91, 51, 20]"
s2_it36,2,36,2,2,41,"[101, 57, 149]","[30, 22, 71]"
s2_it37,2,37,2,2,35,"[122, 86, 112]","[124, 94, 53]"
s2_it38,2,38,2,2,33,"[46, 125, 65]","[106, 139, 45]"
s2_it39,2,39,2,2,40,"[17, 117, 41]","[121, 3, 29]"
s2_it40,2,40,2,2,43,"[121, 3, 29]","[114, 108, 97]"
s2_it41,2,41,2,2,34,"[30, 22, 71]","[75, 111, 135]"
s2_it42,2,42,2,2,39,"[148, 67, 136]","[17, 117, 41]"
s2_it43,2,43,2,2,42,"[114, 108, 97]","[148, 67, 136]"
s3_it1,3,1,0,3,11,"[138, 126, 129]","[22, 9, 130]"
s3_it2,3,2,0,3,10,"[5, 85, 82]","[128, 137, 62]"
s3_it3,3,3,0,3,15,"[108, 31, 47]","[51, 71, 32]"
s3_it5,3,5,0,3,13,"[25, 147, 113]","[42, 87, 6]"
s3_it6,3,6,0,3,12,"[65, 81, 84]","[90, 58, 124]"
s3_it7,3,7,0,3,8,"[134, 30, 142]","[14, 23, 106]"
s3_it8,3,8,0,3,14,"[14, 23, 106]","[104, 0, 123]"
s3_it9,3,9,0,3,3,"[95, 67, 28]","[108, 31, 47]"
s3_it10,3,10,0,3,5,"[128, 137, 62]","[25, 147, 113]"
s3_it11,3,11,0,3,2,"[22, 9, 130]","[5, 85, 82]"
s3_it12,3,12,0,3,7,"[90, 58, 124]","[134, 30, 142]"
s3_it13,3,13,0,3,9,"[42, 87, 6]","[95, 67, 28]"
s3_it14,3,14,0,3,6,"[104, 0, 123]","[65, 81, 84]"
s3_it15,3,15,0,3,1,"[51, 71, 32]","[138, 126, 129]"
s3_it16,3,16,1,3,28,"[103, 83, 21]","[20, 127, 35]"
s3_it17,3,17,1,3,24,"[37, 45, 24]","[61, 8, 15]"
s3_it18,3,18,1,3,20,"[57, 48, 39]","[98, 26, 111]"
s3_it19,3,19,1,3,16,"[96, 2, 7]","[103, 83, 21]"
s3_it20,3,20,1,3,18,"[98, 26, 111]","[57, 48, 39]"
s3_it21,3,21,1,3,27,"[75, 18, 1]","[119, 69, 41]"
s3_it22,3,22,1,3,25,"[19, 88, 70]","[36, 122, 78]"
s3_it23,3,23,1,3,22,"[115, 11, 79]","[19, 88, 70]"
s3_it24,3,24,1,3,21,"[61, 8, 15]","[75, 18, 1]"
s3_it25,3,25,1,3,26,"[36, 122, 78]","[136, 13, 72]"
s3_it26,3,26,1,3,17,"[136, 13, 72]","[37, 45, 24]"
s3_it27,3,27,1,3,19,"[119, 69, 41]","[96, 2, 7]"
s3_it28,3,28,1,3,23,"[20, 127, 35]","[115, 11, 79]"
s3_it29,3,29,2,3,42,"[125, 43, 29]","[110, 105, 131]"
s3_it30,3,30,2,3,39,"[89, 52, 74]","[100, 91, 149]"
s3_it31,3,31,2,3,41,"[68, 44, 109]","[76, 60, 34]"
s3_it32,3,32,2,3,38,"[116, 64, 53]","[93, 50, 54]"
s3_it33,3,33,2,3,31,"[133, 80, 55]","[68, 44, 109]"
s3_it34,3,34,2,3,30,"[86, 148, 27]","[89, 52, 74]"
s3_it35,3,35,2,3,32,"[63, 107, 4]","[116, 64, 53]"
s3_it36,3,36,2,3,33,"[12, 46, 17]","[133, 80, 55]"
s3_it37,3,37,2,3,40,"[56, 73, 102]","[112, 117, 92]"
s3_it38,3,38,2,3,29,"[93, 50, 54]","[125, 43, 29]"
s3_it39,3,39,2,3,36,"[100, 91, 149]","[12, 46, 17]"
s3_it40,3,40,2,3,35,"[112, 117, 92]","[63, 107, 4]"
s3_it41,3,41,2,3,34,"[76, 60, 34]","[86, 148, 27]"
s3_it42,3,42,2,3,37,"[110, 105, 131]","[56, 73, 102]"
s4_it1,4,1,0,4,9,"[13, 136, 91]","[19, 106, 72]"
s4_it2,4,2,0,4,18,"[51, 97, 75]","[138, 121, 99]"
s4_it3,4,3,0,4,20,"[34, 58, 50]","[78, 3, 53]"
s4_it4,4,4,0,4,7,"[110, 30, 132]","[71, 135, 100]"
s4_it5,4,5,0,4,16,"[16, 95, 63]","[1, 86, 139]"
s4_it6,4,6,0,4,17,"[94, 131, 46]","[103, 125, 7]"
s4_it7,4,7,0,4,5,"[71, 135, 100]","[16, 95, 63]"
s4_it8,4,8,0,4,11,"[32, 82, 42]","[28, 12, 146]"
s4_it9,4,9,0,4,6,"[19, 106, 72]","[94, 131, 46]"
s4_it11,4,11,0,4,14,"[28, 12, 146]","[62, 61, 116]"
s4_it12,4,12,0,4,13,"[4, 148, 9]","[147, 119, 40]"
s4_it13,4,13,0,4,12,"[147, 119, 40]","[4, 148, 9]"
s4_it14,4,14,0,4,4,"[62, 61, 116]","[110, 30, 132]"
s4_it15,4,15,0,4,1,"[81, 107, 2]","[13, 136, 91]"
s4_it16,4,16,0,4,19,"[1, 86, 139]","[48, 143, 14]"
s4_it17,4,17,0,4,2,"[103, 125, 7]","[51, 97, 75]"
s4_it18,4,18,0,4,21,"[138, 121, 99]","[129, 87, 88]"
s4_it19,4,19,0,4,22,"[48, 143, 14]","[141, 41, 89]"
s4_it20,4,20,0,4,8,"[78, 3, 53]","[32, 82, 42]"
s4_it21,4,21,0,4,3,"[129, 87, 88]","[34, 58, 50]"
s4_it22,4,22,0,4,15,"[141, 41, 89]","[81, 107, 2]"
s4_it23,4,23,1,4,33,"[45, 144, 79]","[124, 90, 73]"
s4_it24,4,24,1,4,41,"[137, 98, 120]","[93, 111, 80]"
s4_it25,4,25,1,4,23,"[8, 25, 18]","[45, 144, 79]"
s4_it26,4,26,1,4,29,"[117, 105, 68]","[33, 96, 29]"
s4_it27,4,27,1,4,39,"[128, 104, 59]","[118, 11, 47]"
s4_it28,4,28,1,4,43,"[83, 10, 142]","[24, 69, 66]"
s4_it29,4,29,1,4,28,"[33, 96, 29]","[83, 10, 142]"
s4_it30,4,30,1,4,25,"[20, 57, 55]","[8, 25, 18]"
s4_it31,4,31,1,4,37,"[36, 76, 130]","[31, 64, 49]"
s4_it32,4,32,1,4,26,"[52, 126, 65]","[117, 105, 68]"
s4_it33,4,33,1,4,40,"[124, 90, 73]","[112, 108, 109]"
s4_it34,4,34,1,4,27,"[123, 0, 38]","[128, 104, 59]"
s4_it35,4,35,1,4,36,"[134, 115, 35]","[60, 114, 22]"
s4_it36,4,36,1,4,42,"[60, 114, 22]","[37, 145, 21]"
s4_it37,4,37,1,4,24,"[31, 64, 49]","[137, 98, 120]"
s4_it38,4,38,1,4,31,"[85, 43, 149]","[36, 76, 130]"
s4_it39,4,39,1,4,38,"[118, 11, 47]","[85, 43, 149]"
s4_it40,4,40,1,4,32,"[112, 108, 109]","[52, 126, 65]"
s4_it41,4,41,1,4,34,"[93, 111, 80]","[123, 0, 38]"
s4_it42,4,42,1,4,35,"[37, 145, 21]","[134, 115, 35]"
s4_it43,4,43,1,4,30,"[24, 69, 66]","[20, 57, 55]"
s4_it44,4,44,2,4,46,"[6, 54, 67]","[92, 133, 56]"
s4_it45,4,45,2,4,60,"[27, 44, 70]","[8, 121, 143]"
s4_it46,4,46,2,4,53,"[92, 133, 56]","[74, 33, 37]"
s4_it47,4,47,2,4,48,"[15, 74, 140]","[102, 5, 17]"
s4_it48,4,48,2,4,44,"[102, 5, 17]","[6, 54, 67]"
s4_it49,4,49,2,4,59,"[23, 39, 122]","[22, 105, 114]"
s4_it50,4,50,2,4,45,"[101, 26, 77]","[27, 44, 70]"
s4_it51,4,51,2,4,64,"[144, 43, 2]","[108, 30, 130]"
s4_it52,4,52,2,4,50,"[116, 124, 13]","[101, 26, 77]"
s4_it53,4,53,2,4,49,"[74, 33, 37]","[23, 39, 122]"
s4_it54,4,54,2,4,57,"[47, 91, 18]","[87, 84, 122]"
s4_it55,4,55,2,4,54,"[61, 101, 29]","[47, 91, 18]"
s4_it56,4,56,2,4,61,"[123, 89, 41]","[15, 92, 134]"
s4_it57,4,57,2,4,55,"[87, 84, 122]","[61, 101, 29]"
s4_it58,4,58,2,4,51,"[113, 57, 140]","[144, 43, 2]"
s4_it59,4,59,2,4,63,"[22, 105, 114]","[133, 35, 112]"
s4_it60,4,60,2,4,56,"[8, 121, 143]","[123, 89, 41]"
s4_it61,4,61,2,4,52,"[15, 92, 134]","[116, 124, 13]"
s4_it62,4,62,2,4,47,"[131, 36, 52]","[15, 74, 140]"
s4_it63,4,63,2,4,62,"[133, 35, 112]","[131, 36, 52]"
s4_it64,4,64,2,4,58,"[108, 30, 130]","[113, 57, 140]"
s5_it2,5,2,0,5,13,"[14, 85, 107]","[9, 72, 109]"
s5_it3,5,3,0,5,6,"[89, 44, 47]","[92, 149, 34]"
s5_it4,5,4,0,5,16,"[59, 142, 106]","[136, 112, 6]"
s5_it5,5,5,0,5,3,"[24, 11, 148]","[89, 44, 47]"
s5_it6,5,6,0,5,11,"[92, 149, 34]","[36, 20, 19]"
s5_it7,5,7,0,5,4,"[93, 66, 58]","[59, 142, 106]"
s5_it8,5,8,0,5,2,"[65, 30, 124]","[14, 85, 107]"
s5_it9,5,9,0,5,22,"[68, 4, 31]","[125, 5, 57]"
s5_it10,5,10,0,5,8,"[87, 103, 132]","[65, 30, 124]"
s5_it11,5,11,0,5,12,"[36, 20, 19]","[41, 17, 62]"
s5_it12,5,12,0,5,9,"[41, 17, 62]","[68, 4, 31]"
s5_it13,5,13,0,5,19,"[9, 72, 109]","[133, 29, 52]"
s5_it14,5,14,0,5,7,"[138, 144, 64]","[93, 66, 58]"
s5_it15,5,15,0,5,17,"[116, 70, 96]","[134, 102, 122]"
s5_it16,5,16,0,5,20,"[136, 112, 6]","[15, 67, 90]"
s5_it17,5,17,0,5,21,"[134, 102, 122]","[12, 78, 82]"
s5_it18,5,18,0,5,10,"[141, 54, 74]","[87, 103, 132]"
s5_it19,5,19,0,5,15,"[133, 29, 52]","[116, 70, 96]"
s5_it20,5,20,0,5,18,"[15, 67, 90]","[141, 54, 74]"
s5_it21,5,21,0,5,24,"[12, 78, 82]","[98, 73, 51]"
s5_it22,5,22,0,5,14,"[125, 5, 57]","[138, 144, 64]"
s5_it24,5,24,0,5,5,"[98, 73, 51]","[24, 11, 148]"
s5_it25,5,25,1,5,40,"[83, 100, 32]","[130, 137, 121]"
s5_it26,5,26,1,5,43,"[147, 22, 60]","[79, 35, 18]"
s5_it27,5,27,1,5,36,"[81, 105, 114]","[23, 118, 80]"
s5_it29,5,29,1,5,44,"[39, 94, 43]","[143, 99, 46]"
s5_it30,5,30,1,5,29,"[108, 76, 146]","[39, 94, 43]"
s5_it31,5,31,1,5,39,"[75, 77, 101]","[140, 21, 27]"
s5_it32,5,32,1,5,45,"[42, 8, 33]","[71, 104, 55]"
s5_it33,5,33,1,5,26,"[128, 113, 53]","[147, 22, 60]"
s5_it34,5,34,1,5,30,"[131, 2, 38]","[108, 76, 146]"
s5_it35,5,35,1,5,37,"[49, 110, 88]","[86, 69, 25]"
s5_it36,5,36,1,5,34,"[23, 118, 80]","[131, 2, 38]"
s5_it37,5,37,1,5,33,"[86, 69, 25]","[128, 113, 53]"
s5_it38,5,38,1,5,41,"[129, 37, 115]","[111, 0, 123]"
s5_it39,5,39,1,5,42,"[140, 21, 27]","[16, 56, 126]"
s5_it40,5,40,1,5,38,"[130, 137, 121]","[129, 37, 115]"
s5_it41,5,41,1,5,32,"[111, 0, 123]","[42, 8, 33]"
s5_it42,5,42,1,5,35,"[16, 56, 126]","[49, 110, 88]"
s5_it43,5,43,1,5,46,"[79, 35, 18]","[3, 139, 26]"
s5_it44,5,44,1,5,31,"[143, 99, 46]","[75, 77, 101]"
s5_it45,5,45,1,5,25,"[71, 104, 55]","[83, 100, 32]"
s5_it46,5,46,1,5,27,"[3, 139, 26]","[81, 105, 114]"
s5_it47,5,47,2,5,52,"[97, 145, 120]","[54, 133, 138]"
s5_it48,5,48,2,5,62,"[95, 28, 40]","[41, 52, 149]"
s5_it49,5,49,2,5,51,"[13, 63, 119]","[33, 1, 122]"
s5_it50,5,50,2,5,55,"[7, 135, 91]","[63, 16, 31]"
s5_it51,5,51,2,5,49,"[33, 1, 122]","[13, 63, 119]"
s5_it52,5,52,2,5,61,"[54, 133, 138]","[68, 29, 137]"
s5_it53,5,53,2,5,69,"[97, 51, 114]","[106, 123, 0]"
s5_it54,5,54,2,5,57,"[127, 141, 69]","[27, 96, 11]"
s5_it55,5,55,2,5,68,"[63, 16, 31]","[7, 26, 98]"
s5_it56,5,56,2,5,59,"[72, 105, 130]","[43, 99, 94]"
s5_it57,5,57,2,5,65,"[27, 96, 11]","[115, 86, 19]"
s5_it59,5,59,2,5,50,"[43, 99, 94]","[7, 135, 91]"
s5_it61,5,61,2,5,67,"[68, 29, 137]","[58, 35, 65]"
s5_it62,5,62,2,5,47,"[41, 52, 149]","[97, 145, 120]"
s5_it63,5,63,2,5,66,"[55, 117, 62]","[39, 49, 139]"
s5_it64,5,64,2,5,63,"[76, 32, 90]","[55, 117, 62]"
s5_it65,5,65,2,5,53,"[115, 86, 19]","[97, 51, 114]"
s5_it66,5,66,2,5,56,"[39, 49, 139]","[72, 105, 130]"
s5_it67,5,67,2,5,48,"[58, 35, 65]","[95, 28, 40]"
s5_it68,5,68,2,5,64,"[7, 26, 98]","[76, 32, 90]"
s5_it69,5,69,2,5,54,"[106, 123, 0]","[127, 141, 69]"
s6_it1,6,1,0,6,4,"[71, 145, 110]","[68, 102, 149]"
s6_it2,6,2,0,6,3,"[111, 40, 74]","[29, 93, 70]"
s6_it3,6,3,0,6,18,"[29, 93, 70]","[51, 91, 78]"
s6_it4,6,4,0,6,17,"[68, 102, 149]","[139, 57, 114]"
s6_it5,6,5,0,6,1,"[7, 146, 44]","[71, 145, 110]"
s6_it6,6,6,0,6,14,"[52, 41, 13]","[128, 19, 30]"
s6_it7,6,7,0,6,15,"[129, 132, 10]","[58, 33, 4]"
s6_it8,6,8,0,6,13,"[130, 63, 35]","[84, 115, 137]"
s6_it9,6,9,0,6,20,"[54, 131, 142]","[94, 27, 90]"
s6_it10,6,10,0,6,16,"[18, 8, 60]","[72, 148, 53]"
s6_it11,6,11,0,6,5,"[36, 138, 127]","[7, 146, 44]"
s6_it12,6,12,0,6,6,"[59, 79, 98]","[52, 41, 13]"
s6_it13,6,13,0,6,12,"[84, 115, 137]","[59, 79, 98]"
s6_it14,6,14,0,6,10,"[128, 19, 30]","[18, 8, 60]"
s6_it15,6,15,0,6,2,"[58, 33, 4]","[111, 40, 74]"
s6_it16,6,16,0,6,11,"[72, 148, 53]","[36, 138, 127]"
s6_it17,6,17,0,6,7,"[139, 57, 114]","[129, 132, 10]"
s6_it18,6,18,0,6,9,"[51, 91, 78]","[54, 131, 142]"
s6_it19,6,19,0,6,8,"[6, 99, 87]","[130, 63, 35]"
s6_it20,6,20,0,6,19,"[94, 27, 90]","[6, 99, 87]"
s6_it21,6,21,1,6,39,"[100, 97, 43]","[140, 122, 144]"
s6_it22,6,22,1,6,38,"[16, 116, 134]","[136, 143, 75]"
s6_it24,6,24,1,6,31,"[42, 2, 21]","[11, 15, 113]"
s6_it25,6,25,1,6,40,"[107, 1, 147]","[101, 141, 123]"
s6_it26,6,26,1,6,37,"[26, 76, 17]","[62, 46, 83]"
s6_it27,6,27,1,6,33,"[28, 61, 48]","[77, 31, 109]"
s6_it28,6,28,1,6,36,"[88, 39, 34]","[65, 135, 106]"
s6_it29,6,29,1,6,34,"[121, 14, 112]","[118, 3, 64]"
s6_it30,6,30,1,6,22,"[133, 86, 117]","[16, 116, 134]"
s6_it31,6,31,1,6,28,"[11, 15, 113]","[88, 39, 34]"
s6_it32,6,32,1,6,26,"[45, 38, 55]","[26, 76, 17]"
s6_it33,6,33,1,6,41,"[77, 31, 109]","[25, 96, 12]"
s6_it34,6,34,1,6,21,"[118, 3, 64]","[100, 97, 43]"
s6_it35,6,35,1,6,29,"[119, 82, 73]","[121, 14, 112]"
s6_it36,6,36,1,6,24,"[65, 135, 106]","[42, 2, 21]"
s6_it37,6,37,1,6,25,"[62, 46, 83]","[107, 1, 147]"
s6_it38,6,38,1,6,30,"[136, 143, 75]","[133, 86, 117]"
s6_it39,6,39,1,6,35,"[140, 122, 144]","[119, 82, 73]"
s6_it40,6,40,1,6,27,"[101, 141, 123]","[28, 61, 48]"
s6_it41,6,41,1,6,32,"[25, 96, 12]","[45, 38, 55]"
s6_it42,6,42,2,6,57,"[89, 56, 32]","[39, 73, 29]"
s6_it43,6,43,2,6,49,"[103, 104, 92]","[37, 0, 9]"
s6_it44,6,44,2,6,53,"[23, 85, 108]","[88, 140, 27]"
s6_it45,6,45,2,6,61,"[22, 67, 49]","[135, 76, 147]"
s6_it46,6,46,2,6,48,"[24, 105, 50]","[81, 95, 120]"
s6_it47,6,47,2,6,46,"[125, 69, 5]","[24, 105, 50]"
s6_it48,6,48,2,6,54,"[81, 95, 120]","[103, 57, 105]"
s6_it49,6,49,2,6,47,"[37, 0, 9]","[125, 69, 5]"
s6_it50,6,50,2,6,55,"[66, 124, 20]","[18, 121, 38]"
s6_it51,6,51,2,6,50,"[40, 143, 136]","[66, 124, 20]"
s6_it52,6,52,2,6,58,"[100, 13, 54]","[52, 108, 139]"
s6_it53,6,53,2,6,60,"[88, 140, 27]","[92, 110, 98]"
s6_it54,6,54,2,6,52,"[103, 57, 105]","[100, 13, 54]"
s6_it55,6,55,2,6,44,"[18, 121, 38]","[23, 85, 108]"
s6_it56,6,56,2,6,42,"[42, 142, 71]","[89, 56, 32]"
s6_it57,6,57,2,6,45,"[39, 73, 29]","[22, 67, 49]"
s6_it58,6,58,2,6,51,"[52, 108, 139]","[40, 143, 136]"
s6_it59,6,59,2,6,56,"[1, 2, 145]","[42, 142, 71]"
s6_it60,6,60,2,6,59,"[92, 110, 98]","[1, 2, 145]"
s6_it61,6,61,2,6,43,"[135, 76, 147]","[103, 104, 92]"
s7_it1,7,1,0,7,6,"[51, 45, 0]","[143, 142, 103]"
s7_it2,7,2,0,7,5,"[25, 27, 33]","[89, 83, 99]"
s7_it3,7,3,0,7,9,"[32, 86, 11]","[77, 113, 126]"
s7_it4,7,4,0,7,13,"[132, 16, 95]","[145, 117, 125]"
s7_it5,7,5,0,7,10,"[89, 83, 99]","[34, 98, 41]"
s7_it6,7,6,0,7,11,"[143, 142, 103]","[90, 105, 134]"
s7_it7,7,7,0,7,8,"[2, 75, 55]","[102, 97, 92]"
s7_it8,7,8,0,7,2,"[102, 97, 92]","[25, 27, 33]"
s7_it9,7,9,0,7,12,"[77, 113, 126]","[49, 1, 112]"
s7_it10,7,10,0,7,3,"[34, 98, 41]","[32, 86, 11]"
s7_it11,7,11,0,7,4,"[90, 105, 134]","[132, 16, 95]"
s7_it12,7,12,0,7,1,"[49, 1, 112]","[51, 45, 0]"
s7_it13,7,13,0,7,7,"[145, 117, 125]","[2, 75, 55]"
s7_it14,7,14,1,7,20,"[60, 78, 3]","[52, 56, 50]"
s7_it15,7,15,1,7,22,"[66, 42, 100]","[80, 123, 127]"
s7_it16,7,16,1,7,25,"[30, 120, 64]","[115, 139, 36]"
s7_it17,7,17,1,7,15,"[4, 29, 119]","[66, 42, 100]"
s7_it19,7,19,1,7,14,"[44, 116, 20]","[60, 78, 3]"
s7_it20,7,20,1,7,26,"[52, 56, 50]","[141, 43, 94]"
s7_it21,7,21,1,7,23,"[88, 35, 48]","[62, 19, 76]"
s7_it22,7,22,1,7,16,"[80, 123, 127]","[30, 120, 64]"
s7_it23,7,23,1,7,19,"[62, 19, 76]","[44, 116, 20]"
s7_it25,7,25,1,7,17,"[115, 139, 36]","[4, 29, 119]"
s7_it26,7,26,1,7,29,"[141, 43, 94]","[130, 149, 46]"
s7_it27,7,27,1,7,21,"[67, 85, 106]","[88, 35, 48]"
s7_it29,7,29,1,7,27,"[130, 149, 46]","[67, 85, 106]"
s7_it30,7,30,2,7,37,"[58, 136, 59]","[13, 133, 87]"
s7_it31,7,31,2,7,33,"[40, 140, 68]","[79, 7, 72]"
s7_it32,7,32,2,7,31,"[110, 63, 26]","[40, 140, 68]"
s7_it33,7,33,2,7,38,"[79, 7, 72]","[104, 122, 39]"
s7_it34,7,34,2,7,42,"[8, 91, 70]","[5, 28, 124]"
s7_it35,7,35,2,7,32,"[147, 47, 144]","[110, 63, 26]"
s7_it36,7,36,2,7,41,"[81, 114, 74]","[135, 109, 71]"
s7_it37,7,37,2,7,39,"[13, 133, 87]","[73, 128, 69]"
s7_it38,7,38,2,7,30,"[104, 122, 39]","[58, 136, 59]"
s7_it39,7,39,2,7,35,"[73, 128, 69]","[147, 47, 144]"
s7_it40,7,40,2,7,36,"[146, 53, 37]","[81, 114, 74]"
s7_it41,7,41,2,7,34,"[135, 109, 71]","[8, 91, 70]"
s7_it42,7,42,2,7,40,"[5, 28, 124]","[146, 53, 37]"
