seed,ex,it_t,it_t1,du_t,du_t1,ac_t,ac_t1
4,13,1,52,0.0,0.0,0,0
4,91,1,54,0.0,0.0,0,0
4,30,4,64,0.0,0.002666666666666667,0,1
4,131,6,62,0.0,0.0,0,0
4,61,14,55,0.0,0.0,0,0
4,116,14,52,0.0,0.0,0,0
4,2,15,51,0.0,0.0,0,0
4,121,18,60,0.0,0.0,0,0
4,143,19,60,0.0,0.0,0,0
4,87,21,57,0.0,0.0,0,0
4,41,22,56,0.0,0.0022222222222222222,0,1
4,89,22,56,0.0,0.0022222222222222222,0,1
4,144,23,51,0.0,0.0,0,0
4,8,25,60,0.0,0.0,0,0
4,18,25,54,0.0,0.0,0,0
4,105,26,59,0.0,0.0,0,0
4,33,29,53,0.01577777777777778,0.0033333333333333335,1,1
4,29,29,55,0.01577777777777778,0.0,1,0
4,57,30,58,0.012777777777777779,0.0016666666666666668,1,1
4,36,31,62,0.0,0.0,0,0
4,130,31,64,0.0,0.002666666666666667,0,1
4,52,32,62,0.0,0.0,0,0
4,124,33,52,0.0,0.0,0,0
4,123,34,56,0.0,0.0022222222222222222,0,1
4,134,35,61,0.0,0.0,0,0
4,35,35,63,0.0,0.0,0,0
4,114,36,59,0.016555555555555556,0.0,1,0
4,22,36,59,0.016555555555555556,0.0,1,0
4,43,38,51,0.0,0.0,0,0
4,47,39,54,0.0,0.0,0,0
4,112,40,63,0.0,0.0,0,0
4,108,40,64,0.0,0.002666666666666667,0,1
4,37,42,53,0.0,0.0033333333333333335,0,1
4,92,46,61,0.0,0.0,0,0
4,133,46,63,0.0,0.0,0,0
4,15,47,61,0.008888888888888889,0.0,1,0
4,74,47,53,0.008888888888888889,0.0033333333333333335,1,1
4,140,47,58,0.008888888888888889,0.0016666666666666668,1,1
4,122,49,57,0.0,0.0,0,0
4,101,50,55,0.0,0.0,0,0
5,106,4,69,0.0,0.00888888888888889,0,1
5,11,5,57,0.0,0.0,0,0
5,149,6,62,0.0,0.0,0,0
5,58,7,67,0.02188888888888889,0.0,1,0
5,65,8,67,0.0,0.0,0,0
5,68,9,61,0.0,0.0,0,0
5,31,9,55,0.0,0.0,0,1
5,19,11,65,0.0,0.0,0,0
5,41,12,62,0.0,0.0,0,0
5,62,12,63,0.0,0.0,0,0
5,72,13,56,0.0,0.0,0,0
5,138,14,52,0.004666666666666666,0.0,1,0
5,96,15,57,0.01,0.0,1,0
5,122,17,51,0.0,0.0,0,0
5,141,18,54,0.0,0.0,0,0
5,54,18,52,0.0,0.0,0,0
5,133,19,52,0.0,0.0,0,0
5,29,19,61,0.0,0.0,0,0
5,52,19,62,0.0,0.0,0,0
5,90,20,64,0.0,0.0,0,0
5,98,24,68,0.007222222222222222,0.0,1,0
5,51,24,53,0.007222222222222222,0.0,1,0
5,32,25,64,0.0,0.0,0,0
5,105,27,56,0.0038888888888888883,0.0,1,0
5,114,27,53,0.0038888888888888883,0.0,1,0
5,39,29,66,0.0,0.0,0,0
5,94,29,59,0.0,0.0,0,0
5,43,29,59,0.0,0.0,0,0
5,76,30,64,0.0,0.0,0,0
5,33,32,51,0.0,0.0,0,0
5,49,35,66,0.0,0.0,0,0
5,86,37,65,0.0,0.0,0,0
5,69,37,54,0.0,0.0,0,0
5,115,38,65,0.0,0.0,0,0
5,27,39,57,0.006666666666666667,0.0,1,0
5,130,40,56,0.0,0.0,0,0
5,137,40,61,0.0,0.0,0,0
5,0,41,69,0.0,0.00888888888888889,0,1
5,123,41,69,0.0,0.00888888888888889,0,1
5,16,42,55,0.0,0.0,0,1
5,35,43,67,0.0,0.0,0,0
5,99,44,59,0.0,0.0,0,0
5,55,45,63,0.0,0.0,0,0
5,139,46,66,0.0,0.0,0,0
5,26,46,68,0.0,0.0,0,0
5,97,47,53,0.0,0.0,0,0
5,63,49,55,0.0,0.0,0,1
5,7,50,68,0.0,0.0,0,0
6,71,1,56,0.0,0.0,0,0
6,145,1,59,0.0,0.005555555555555555,0,1
6,110,1,60,0.0,0.0,0,0
6,40,2,51,0.0,0.0,0,0
6,29,3,57,0.06933333333333333,0.0,1,0
6,52,6,58,0.0,0.0,0,0
6,13,6,52,0.0,0.0,0,0
6,54,9,52,0.021333333333333336,0.0,1,0
6,142,9,56,0.021333333333333336,0.0,1,0
6,18,10,55,0.0,0.0,0,1
6,98,12,60,0.0,0.0,0,0
6,139,17,58,0.0,0.0,0,0
6,57,17,54,0.0,0.0,0,0
6,27,20,53,0.0,0.0,0,0
6,100,21,52,0.0,0.0,0,0
6,42,24,56,0.018000000000000002,0.0,1,0
6,2,24,59,0.018000000000000002,0.005555555555555555,1,1
6,1,25,59,0.0,0.005555555555555555,0,1
6,147,25,61,0.0,0.0,0,1
6,76,26,61,0.0,0.0,0,1
6,88,28,53,0.0,0.0,0,0
6,39,28,57,0.0,0.0,0,0
6,121,29,55,0.006666666666666667,0.0,1,1
6,38,32,55,0.0,0.0,0,1
6,73,35,57,0.0,0.0,0,0
6,135,36,61,0.0,0.0,0,1
6,136,38,51,0.0,0.0,0,0
6,143,38,51,0.0,0.0,0,0
6,140,39,53,0.013888888888888886,0.0,1,0
6,103,43,54,0.0,0.0,0,0
6,92,43,60,0.0,0.0,0,0
6,108,44,58,0.0,0.0,0,0
6,105,46,54,0.0,0.0,0,0
