split,pos,threehop_idx,title,rank
train,0,134,Garry Marshall,-1
train,0,134,Leni Riefenstahl,3
train,0,134,Young Doctors in Love,35
train,1,118,2015 Kansas State Wildcats football team,2
train,1,118,2016 Liberty Bowl (January),1
train,1,118,AutoZone,-1
train,2,54,2013 Big Ten Conference football season,21
train,2,54,2013 Indiana Hoosiers football team,4
train,2,54,Kevin Wilson (American football),1
train,3,116,Come from the Heart,-1
train,3,116,Don Williams discography,-1
train,3,116,Kathy Mattea discography,1
train,4,290,Eli Roth,1
train,4,290,Soul Temple Records,249
train,4,290,The Man with the Iron Fists,77
train,5,133,Lethal Obsession,4
train,5,133,Michael York,-1
train,5,133,Terry Ray (actor),1
train,6,103,David Thewlis,2
train,6,103,Fargo (TV series),346
train,6,103,Wonder Woman (2017 film),3
train,7,115,Ariel Ramírez,1
train,7,115,Luis Gianneo,253
train,7,115,Marta Lambertini,46
train,8,175,Darwinia (plant),1
train,8,175,Saule,-1
train,8,175,Willow,-1
train,9,141,Ann Beattie,9
train,9,141,Elisabeth Vrba,1
train,9,141,Stephen Jay Gould,-1
train,10,66,All I Need (Radiohead song),1
train,10,66,Bruce Guthro,83
train,10,66,Thom Yorke,14
train,11,193,Candi Kubeck,1
train,11,193,ValuJet Airlines,3
train,11,193,ValuJet Flight 592,-1
train,12,228,Candlelight Red,15
train,12,228,One Unique Signal,1
train,12,228,The Telescopes,-1
train,13,269,Broken Bells,-1
train,13,269,Cast (band),288
train,13,269,Jacob Gentry,-1
train,14,97,Christopher B. Landon,25
train,14,97,Disturbia (film),3
train,14,97,Shia LaBeouf,1
train,15,155,"Clark County, Nevada",62
train,15,155,College of Southern Nevada,229
train,15,155,Craig Heyer,1
train,16,215,Robert Stevenson (director),4
train,16,215,Romance of Astree and Celadon,2
train,16,215,Éric Rohmer,-1
train,17,69,Alopecurus,260
train,17,69,Alopecurus creticus,3
train,17,69,Echeveria,1
train,18,152,Ellesmere Port Town F.C.,1
train,18,152,Ford Motors F.C.,14
train,18,152,West Cheshire Association Football League,34
train,19,130,Cinergi Pictures,92
train,19,130,Gary Oldman,32
train,19,130,The Scarlet Letter (1995 film),1
train,20,156,Fan County,2
train,20,156,Pu'er City,5
train,20,156,Puyang,564
train,21,216,Frank Sinatra,56
train,21,216,Nivek Ogre,15
train,21,216,Rx (band),1
train,22,104,Chvrches,-1
train,22,104,Goodbye Mr. Mackenzie,9
train,22,104,Make Them Gold,7
train,23,181,James Agee,-1
train,23,181,Nelly Sachs,12
train,23,181,The Night of the Hunter (film),27
train,24,244,Der Freischütz,-1
train,24,244,Il trovatore,33
train,24,244,Magic Hunter,1
train,25,254,Castor et Pollux,-1
train,25,254,Henri Larrivée,2
train,25,254,Manon Lescaut (Puccini),1
train,26,146,2000 World Rally Championship,7
train,26,146,Carlos Sainz,246
train,26,146,Harri Rovanperä,1
train,27,140,2PM,2
train,27,140,Go Crazy (album),-1
train,27,140,Ultra Lover,16
train,28,230,Cobra Starship,1
train,28,230,Gabe Saporta,2
train,28,230,John S. Hall,-1
train,29,294,Aaina (album),12
train,29,294,Alamgir (pop singer),1
train,29,294,Ali Azmat,18
train,30,102,Jagmeet Singh,14
train,30,102,New Democratic Party,5
train,30,102,Ontario New Democratic Youth,4
train,31,86,Lyttleton Morgan,1
train,31,86,Morgan State University,2
train,31,86,University of Idaho,22
train,32,235,Béla Bartók,-1
train,32,235,Johann Christoph Pepusch,1
train,32,235,"Rhapsody, Op. 1 (Bartók)",9
train,33,191,Franz Ferdinand (band),-1
train,33,191,Sunrise Avenue,3
train,33,191,You Could Have It So Much Better,1
train,34,63,Caldera de Taburiente National Park,18
train,34,63,Echium wildpretii subsp. trichosiphon,2
train,34,63,Teide National Park,3
train,35,268,Achimenes,1
train,35,268,Caesalpinia,15
train,35,268,Caesalpinioideae,4
train,36,194,Confessions of a Teenage Drama Queen,3
train,36,194,Crimes of Fashion,-1
train,36,194,Megan Fox,1
train,37,123,101 Dalmatians (1996 film),3
train,37,123,Cruella de Vil,1
train,37,123,G-Force (film),10
train,38,239,George Thorogood,27
train,38,239,Matt Thiessen,73
train,38,239,Rebuild (song),1
train,39,231,APB (band),935
train,39,231,Sleeper (band),-1
train,39,231,Young American Recordings,1
train,40,73,Eureka (U.S. TV series),49
train,40,73,Gaius Baltar,1
train,40,73,James Callis,2
train,41,221,Office (2015 South Korean film),3
train,41,221,Park Sung-woong,41
train,41,221,The Deal (2015 film),91
train,42,225,Carlos Santana,1
train,42,225,Inner Secrets,90
train,42,225,Stormy (song),9
train,43,137,Backstreet Boys: Larger Than Life,1
train,43,137,Planet Hollywood Las Vegas,2
train,43,137,The AXIS,124
train,44,272,Bergen,-1
train,44,272,Gorgoroth,158
train,44,272,King ov Hell,2
train,45,95,Dennis Huntley,2
train,45,95,Guildford Cathedral,-1
train,45,95,St Paul's Cathedral,48
train,46,220,"Mount Vernon, New York",90
train,46,220,"New York, Westchester and Boston Railway",2
train,46,220,Quaker Ridge (NYW&amp;B station),1
train,47,224,A Bug's Life,7
train,47,224,Andrew Stanton,1
train,47,224,Finding Dory,2
train,48,121,Jennifer Kendal,27
train,48,121,Karan Kapoor,-1
train,48,121,Sultanat,8
train,49,85,Gerstein Report,7
train,49,85,Rainer Höss,-1
train,49,85,Rudolf Höss,2
train,50,173,442nd Infantry Regiment (United States),26
train,50,173,Lane Nishikawa,1
train,50,173,Only the Brave (2006 film),2
train,51,213,M7 Aerospace,1
train,51,213,San Antonio International Airport,-1
train,51,213,Yakutat Airport,2
train,52,142,David Shire,1
train,52,142,Midnight Madness (film),2
train,52,142,Return to Oz,-1
train,53,99,Damion Poitier,1
train,53,99,Sacred Planet,346
train,53,99,Snow Dogs,-1
train,54,84,Alejandro Springall,1
train,54,84,Cannibal Holocaust,3
train,54,84,Ruggero Deodato,-1
train,55,117,Fulgencio Batista,82
train,55,117,Herbert Matthews,3
train,55,117,Ruby Hart Phillips,1
train,56,60,Commodore 16,-1
train,56,60,Prológica CP-400,1
train,56,60,Proof of Destruction,2
train,57,67,1982 Australian Open – Men's Singles,1
train,57,67,Albert Costa,2
train,57,67,Steve Denton,-1
train,58,276,2005 China Open – Men's Doubles,30
train,58,276,Angelique Kerber,5
train,58,276,Justin Gimelstob,-1
train,59,256,Institute Benjamenta,4
train,59,256,Mark Rylance,152
train,59,256,Rudolf Abel,1
train,60,77,Blood Bath (American Horror Story),797
train,60,77,Fairhaven (film),10
train,60,77,Sarah Paulson,3
train,61,270,Batemans Bay,3
train,61,270,Cortinarius kioloensis,833
train,61,270,Deua National Park,7
train,62,74,Eagle Feather,298
train,62,74,Eddie Mahan,1
train,62,74,Jim Thorpe,-1
train,63,126,Amy Tan,-1
train,63,126,Norman Lindsay,1
train,63,126,The Hundred Secret Senses,6
train,64,248,Eric Bloom,-1
train,64,248,Otep Shamaya,1
train,64,248,Veteran of the Psychic Wars,2
train,65,211,28 Weeks Later,4
train,65,211,Avengers: Age of Ultron,1
train,65,211,Jeremy Renner,39
train,66,262,Bookmarks (magazine),478
train,66,262,Keith Moon,1
train,66,262,Modern Drummer,-1
train,67,209,The Jungle Book (1994 film),862
train,67,209,Travis Oates,1
train,67,209,Winnie the Pooh (2011 film),4
train,68,136,Ashrita Shetty,8
train,68,136,G. V. Prakash Kumar,1
train,68,136,Udhayam NH4,2
train,69,64,Daniel Gunkel,2
train,69,64,Frankfurt,13
train,69,64,Werner Jaffé,1
train,70,185,Man Camp,872
train,70,185,Uri Singer,-1
train,70,185,Winona Ryder,1
train,71,292,2002 Tampa Bay Devil Rays season,6
train,71,292,Hal McRae,-1
train,71,292,Kansas City Royals,-1
train,72,284,Chuck Versus the A-Team,2
train,72,284,Isaiah Mustafa,4
train,72,284,Make a Smellmitment,6
train,73,114,50th Berlin International Film Festival,1
train,73,114,Jason Robards,3
train,73,114,Magnolia (film),-1
train,74,271,Basil Dean,7
train,74,271,Francis Ford Coppola,-1
train,74,271,The Godfather Part II,2
train,75,283,Little Children (film),113
train,75,283,Todd Field,-1
train,75,283,Zoltan Korda,1
train,76,169,Texas Christian University,130
train,76,169,"Theodore Garland, Jr.",1
train,76,169,University of Washington,-1
train,77,234,Cartagena (board game),-1
train,77,234,Chess,-1
train,77,234,Leo Colovini,1
train,78,252,Anaïs Lameche,-1
train,78,252,Darren Hayes,2
train,78,252,Playin' Around,16
train,79,222,Ettore Scola,3
train,79,222,Jonathan Lynn,4
train,79,222,Yes Minister,-1
train,80,75,2013 FIFA Confederations Cup Final,1
train,80,75,Clube Atlético Mineiro,-1
train,80,75,Fred (footballer),-1
train,81,124,Krupa (song),-1
train,81,124,Solo (Norwegian soft drink),1
train,81,124,Sunkist (soft drink),3
train,82,139,National Journal,-1
train,82,139,Paul Shaw (design historian),1
train,82,139,Print (magazine),126
train,83,166,Kim Tae-yeon,4
train,83,166,The First Collage,59
train,83,166,Yang Yo-seob,-1
train,84,250,D.C. Cab,-1
train,84,250,Max Gail,2
train,84,250,Somebody's Daughter,10
train,85,174,Fred MacMurray,-1
train,85,174,The Absent-Minded Professor,241
train,85,174,The Far Horizons,1
train,86,125,Boy George,440
train,86,125,Craig Nicholls,-1
train,86,125,Get Free,1
train,87,52,Karl Attenberger,1
train,87,52,The End of America (film),67
train,87,52,Triumph of the Will,12
train,88,59,Alan Sillitoe,2
train,88,59,Gabriela Mistral,594
train,88,59,Poet-diplomat,38
train,89,120,Moira Kelly,128
train,89,120,The Cutting Edge,-1
train,89,120,The Lion King,-1
train,90,237,1928–29 Leicester City F.C. season,1
train,90,237,Ernie Hine,47
train,90,237,Manchester United F.C.,9
train,91,79,"Garden City South, New York",-1
train,91,79,H. Frank Carey Junior-Senior High School,401
train,91,79,Sewanhaka Central High School District,1
train,92,55,Animation Domination,-1
train,92,55,La La Land (Wax Fang album),1
train,92,55,Lost in Space (American Dad!),-1
train,93,101,A Lua Me Disse,1
train,93,101,Pablo Escobar,-1
train,93,101,Wagner Moura,51
train,94,76,400 Boys,12
train,94,76,Charlie Rowe,-1
train,94,76,The Golden Compass (film),860
train,95,214,Amara Karan,-1
train,95,214,The Death and Life of John F. Donovan,4
train,95,214,Wes Anderson,-1
train,96,227,George W. Wallace,17
train,96,227,Presidio of San Francisco,21
train,96,227,San Francisco National Cemetery,26
train,97,150,Brent Hodge,549
train,97,150,Harley Knoles,1
train,97,150,Winning America,-1
train,98,58,FC Dynamo Kyiv,2
train,98,58,Olimpiyskiy National Sports Complex,297
train,98,58,UEFA Euro 2012 Final,19
train,99,163,Affenpinscher,668
train,99,163,German Pinscher,745
train,99,163,Villanuco de Las Encartaciones,1
val,0,257,Lee Unkrich,1
val,0,257,Mary Poppins (film),12
val,0,257,"Monsters, Inc.",-1
val,1,282,Amybeth McNulty,3
val,1,282,Anne (TV series),9
val,1,282,Dalila Bela,1
val,2,62,"California State Polytechnic University, Pomona",1
val,2,62,Dalhousie University,-1
val,2,62,Richard J. Wood,39
val,3,92,1980 Lorraine Open,12
val,3,92,Gene Mayer,-1
val,3,92,Serena Williams,54
val,4,198,Boxing Helena,14
val,4,198,Jennifer Lynch,-1
val,4,198,Martin Scorsese,11
val,5,275,Charmed,-1
val,5,275,"Grace, Replaced",18
val,5,275,Leigh-Allyn Baker,2
val,6,182,Bill Cullen,1
val,6,182,Paul Melba,4
val,6,182,Punchlines,-1
val,7,251,Ozzie Newsome,2
val,7,251,Phil Savage,1
val,7,251,Steve Little (American football),532
val,8,289,Alex Wyse,411
val,8,289,Iron Fist (TV series),16
val,8,289,Jessica Stroup,250
val,9,280,Likwit Crew,170
val,9,280,Street Music,1
val,9,280,Xzibit,356
