pair_id,seed,trace_i,event_ordinal,iteration,spec_i,trans_i,sign_i,tie_delta_share,tie_delta_own_share,tie_delta_other_share,tie_margin_share,n_deltas,n_margins,accept
seed0_i0,0,0,0,0,-0.16666666666666666,0.1111111111111111,-1,0.75,0.7222222222222222,0.7777777777777778,0.25,36,12,1
seed0_i1,0,1,1,1,0.11111111111111112,0.5,1,0.5,0.5555555555555556,0.4444444444444444,0.08333333333333333,36,12,0
seed0_i10,0,10,10,10,0.1111111111111111,-0.05555555555555555,1,0.9444444444444444,0.9444444444444444,0.9444444444444444,0.8333333333333334,36,12,0
seed0_i11,0,11,11,11,0.2222222222222222,-0.2222222222222222,1,0.8333333333333334,0.8888888888888888,0.7777777777777778,0.5833333333333334,36,12,0
seed0_i12,0,12,12,12,-0.22222222222222224,0.27777777777777773,-1,0.7222222222222222,0.8333333333333334,0.6111111111111112,0.3333333333333333,36,12,0
seed0_i13,0,13,13,13,9.25185853854297e-18,-0.05555555555555556,0,0.5833333333333334,0.5555555555555556,0.6111111111111112,0.08333333333333333,36,12,0
seed0_i14,0,14,14,14,0.11111111111111112,0.055555555555555546,1,0.75,0.8333333333333334,0.6666666666666666,0.3333333333333333,36,12,0
seed0_i15,0,15,15,15,0.0,-0.2222222222222222,0,0.6388888888888888,0.6111111111111112,0.6666666666666666,0.16666666666666666,36,12,0
seed0_i16,0,16,16,16,0.16666666666666666,-0.11111111111111112,1,0.7777777777777778,0.7222222222222222,0.8333333333333334,0.3333333333333333,36,12,0
seed0_i17,0,17,17,17,0.11111111111111112,0.05555555555555555,1,0.8333333333333334,0.8333333333333334,0.8333333333333334,0.5,36,12,1
seed0_i18,0,18,18,18,0.27777777777777773,-0.27777777777777773,1,0.8888888888888888,1.0,0.7777777777777778,0.6666666666666666,36,12,0
seed0_i19,0,19,19,19,-0.1111111111111111,0.055555555555555546,-1,0.5555555555555556,0.5555555555555556,0.5555555555555556,0.16666666666666666,36,12,0
seed0_i2,0,2,2,2,0.0,0.05555555555555555,0,0.7777777777777778,0.8333333333333334,0.7222222222222222,0.8333333333333334,36,12,0
seed0_i20,0,20,20,20,0.05555555555555555,0.05555555555555555,1,0.5555555555555556,0.5555555555555556,0.5555555555555556,0.5833333333333334,36,12,1
seed0_i21,0,21,21,21,0.05555555555555555,0.05555555555555555,1,0.5833333333333334,0.5555555555555556,0.6111111111111112,0.25,36,12,0
seed0_i22,0,22,22,22,-0.05555555555555555,0.1111111111111111,-1,0.6944444444444444,0.7222222222222222,0.6666666666666666,0.75,36,12,1
seed0_i23,0,23,23,23,0.055555555555555546,0.05555555555555556,1,0.75,0.8333333333333334,0.6666666666666666,0.5,36,12,1
seed0_i24,0,24,24,24,-0.05555555555555555,0.3333333333333333,-1,0.6944444444444444,0.6666666666666666,0.7222222222222222,0.25,36,12,0
seed0_i25,0,25,25,25,0.27777777777777785,-0.3888888888888889,1,0.6944444444444444,0.7222222222222222,0.6666666666666666,0.4166666666666667,36,12,0
seed0_i26,0,26,26,26,0.11111111111111112,-0.2222222222222222,1,0.8333333333333334,0.8888888888888888,0.7777777777777778,0.5833333333333334,36,12,1
seed0_i27,0,27,27,27,-0.16666666666666666,-0.1111111111111111,-1,0.3333333333333333,0.3888888888888889,0.2777777777777778,0.4166666666666667,36,12,0
seed0_i28,0,28,28,28,0.05555555555555555,-0.05555555555555555,1,0.5833333333333334,0.5555555555555556,0.6111111111111112,0.5833333333333334,36,12,0
seed0_i29,0,29,29,29,1.850371707708594e-17,0.3888888888888889,0,0.6388888888888888,0.6111111111111112,0.6666666666666666,0.4166666666666667,36,12,0
seed0_i3,0,3,3,3,0.11111111111111109,-0.38888888888888884,1,0.5,0.5555555555555556,0.4444444444444444,0.0,36,12,1
seed0_i30,0,30,30,30,0.05555555555555555,-0.1111111111111111,1,0.9166666666666666,0.9444444444444444,0.8888888888888888,0.75,36,12,0
seed0_i31,0,31,31,31,0.22222222222222224,0.05555555555555555,1,0.5555555555555556,0.5,0.6111111111111112,0.4166666666666667,36,12,1
seed0_i4,0,4,4,4,-0.05555555555555555,0.1111111111111111,-1,0.5833333333333334,0.6111111111111112,0.5555555555555556,0.75,36,12,0
seed0_i5,0,5,5,5,-0.16666666666666666,0.0,-1,0.75,0.7222222222222222,0.7777777777777778,0.5,36,12,1
seed0_i6,0,6,6,6,0.2777777777777778,0.05555555555555555,1,0.5833333333333334,0.5555555555555556,0.6111111111111112,0.3333333333333333,36,12,0
seed0_i7,0,7,7,7,0.2222222222222222,-0.05555555555555555,1,0.6944444444444444,0.6666666666666666,0.7222222222222222,0.4166666666666667,36,12,0
seed0_i8,0,8,8,8,0.1111111111111111,0.0,1,0.8055555555555556,0.8888888888888888,0.7222222222222222,0.6666666666666666,36,12,1
seed0_i9,0,9,9,9,-0.2222222222222222,0.27777777777777773,-1,0.8055555555555556,0.8333333333333334,0.7777777777777778,0.5833333333333334,36,12,0
seed1_i0,1,0,0,0,0.2222222222222222,0.05555555555555555,1,0.7222222222222222,0.7222222222222222,0.7222222222222222,0.3333333333333333,36,12,0
seed1_i1,1,1,1,1,-0.16666666666666666,0.16666666666666666,-1,0.75,0.7777777777777778,0.7222222222222222,0.5833333333333334,36,12,1
seed1_i10,1,10,10,10,-0.055555555555555546,-0.16666666666666666,-1,0.7777777777777778,0.7777777777777778,0.7777777777777778,0.5833333333333334,36,12,0
seed1_i11,1,11,11,11,0.11111111111111112,0.16666666666666666,1,0.5277777777777778,0.6111111111111112,0.4444444444444444,0.16666666666666666,36,12,1
seed1_i12,1,12,12,12,0.05555555555555555,-0.05555555555555555,1,0.8611111111111112,0.7777777777777778,0.9444444444444444,0.75,36,12,0
seed1_i13,1,13,13,13,-0.16666666666666666,0.05555555555555555,-1,0.6944444444444444,0.6666666666666666,0.7222222222222222,0.4166666666666667,36,12,0
seed1_i14,1,14,14,14,0.16666666666666666,-0.05555555555555555,1,0.6666666666666666,0.6111111111111112,0.7222222222222222,0.5833333333333334,36,12,0
seed1_i15,1,15,15,15,-0.22222222222222224,0.11111111111111112,-1,0.7222222222222222,0.6666666666666666,0.7777777777777778,0.4166666666666667,36,12,1
seed1_i16,1,16,16,16,0.1111111111111111,0.16666666666666666,1,0.5555555555555556,0.6111111111111112,0.5,0.16666666666666666,36,12,1
seed1_i17,1,17,17,17,-0.16666666666666666,0.2222222222222222,-1,0.6388888888888888,0.6666666666666666,0.6111111111111112,0.4166666666666667,36,12,0
seed1_i18,1,18,18,18,0.3888888888888889,0.05555555555555555,1,0.4444444444444444,0.3888888888888889,0.5,0.3333333333333333,36,12,1
seed1_i19,1,19,19,19,-0.16666666666666666,0.05555555555555555,-1,0.7777777777777778,0.7222222222222222,0.8333333333333334,0.5833333333333334,36,12,1
seed1_i2,1,2,2,2,-0.5,0.1111111111111111,-1,0.4166666666666667,0.3888888888888889,0.4444444444444444,0.3333333333333333,36,12,0
seed1_i20,1,20,20,20,0.2777777777777778,-0.05555555555555555,1,0.5833333333333334,0.4444444444444444,0.7222222222222222,0.4166666666666667,36,12,0
seed1_i21,1,21,21,21,0.1111111111111111,-0.05555555555555555,1,0.6111111111111112,0.5,0.7222222222222222,0.6666666666666666,36,12,0
seed1_i22,1,22,22,22,-0.22222222222222224,0.05555555555555555,-1,0.6388888888888888,0.6111111111111112,0.6666666666666666,0.3333333333333333,36,12,1
seed1_i23,1,23,23,23,-0.055555555555555546,0.055555555555555546,-1,0.6388888888888888,0.6111111111111112,0.6666666666666666,0.08333333333333333,36,12,0
seed1_i24,1,24,24,24,-0.16666666666666666,-0.05555555555555556,-1,0.7777777777777778,0.7777777777777778,0.7777777777777778,0.4166666666666667,36,12,0
seed1_i25,1,25,25,25,0.27777777777777785,0.27777777777777773,1,0.6666666666666666,0.6666666666666666,0.6666666666666666,0.16666666666666666,36,12,1
seed1_i26,1,26,26,26,-0.05555555555555555,0.1111111111111111,-1,0.6388888888888888,0.6111111111111112,0.6666666666666666,0.4166666666666667,36,12,0
seed1_i27,1,27,27,27,0.11111111111111112,-0.05555555555555555,1,0.8333333333333334,0.9444444444444444,0.7222222222222222,0.6666666666666666,36,12,0
seed1_i28,1,28,28,28,0.11111111111111105,-0.6666666666666666,1,0.5,0.5,0.5,0.08333333333333333,36,12,0
seed1_i29,1,29,29,29,-0.16666666666666666,0.055555555555555546,-1,0.5555555555555556,0.6666666666666666,0.4444444444444444,0.3333333333333333,36,12,0
seed1_i3,1,3,3,3,0.1111111111111111,-0.05555555555555555,1,0.8333333333333334,0.8333333333333334,0.8333333333333334,0.8333333333333334,36,12,0
seed1_i30,1,30,30,30,0.05555555555555558,0.05555555555555555,1,0.5277777777777778,0.6111111111111112,0.4444444444444444,0.16666666666666666,36,12,0
seed1_i31,1,31,31,31,0.3333333333333333,0.2222222222222222,1,0.6111111111111112,0.4444444444444444,0.7777777777777778,0.16666666666666666,36,12,0
seed1_i32,1,32,32,32,0.05555555555555555,-0.05555555555555555,1,0.8055555555555556,0.7777777777777778,0.8333333333333334,0.5833333333333334,36,12,0
seed1_i33,1,33,33,33,-0.2777777777777778,0.6666666666666666,-1,0.5833333333333334,0.6111111111111112,0.5555555555555556,0.25,36,12,1
seed1_i4,1,4,4,4,0.5555555555555556,-0.7222222222222223,1,0.4722222222222222,0.6666666666666666,0.2777777777777778,0.16666666666666666,36,12,0
seed1_i5,1,5,5,5,-0.22222222222222224,0.38888888888888884,-1,0.4722222222222222,0.4444444444444444,0.5,0.08333333333333333,36,12,1
seed1_i6,1,6,6,6,3.700743415417188e-17,-0.2777777777777778,0,0.7222222222222222,0.7777777777777778,0.6666666666666666,0.4166666666666667,36,12,0
seed1_i7,1,7,7,7,-0.05555555555555555,0.05555555555555555,-1,0.8611111111111112,0.7777777777777778,0.9444444444444444,0.75,36,12,0
seed1_i8,1,8,8,8,0.05555555555555556,-0.05555555555555556,1,0.6388888888888888,0.7777777777777778,0.5,0.25,36,12,0
seed1_i9,1,9,9,9,0.38888888888888884,0.2777777777777778,1,0.5277777777777778,0.4444444444444444,0.6111111111111112,0.16666666666666666,36,12,0
seed2_i0,2,0,0,0,-0.16666666666666663,-0.3333333333333333,-1,0.3333333333333333,0.3333333333333333,0.3333333333333333,0.4166666666666667,36,12,0
seed2_i1,2,1,1,1,0.05555555555555557,0.1111111111111111,1,0.8888888888888888,0.8888888888888888,0.8888888888888888,0.75,36,12,0
seed2_i10,2,10,9,9,-0.11111111111111112,-0.1111111111111111,-1,0.6944444444444444,0.7222222222222222,0.6666666666666666,0.4166666666666667,36,12,0
seed2_i11,2,11,10,10,0.3888888888888889,-0.05555555555555556,1,0.4166666666666667,0.3888888888888889,0.4444444444444444,0.25,36,12,0
seed2_i12,2,12,11,11,0.16666666666666666,0.0,1,0.75,0.6111111111111112,0.8888888888888888,0.5833333333333334,36,12,1
seed2_i13,2,13,12,12,-0.16666666666666666,0.6111111111111112,-1,0.4166666666666667,0.5555555555555556,0.2777777777777778,0.08333333333333333,36,12,1
seed2_i14,2,14,13,13,0.055555555555555525,-0.27777777777777773,1,0.6111111111111112,0.5,0.7222222222222222,0.4166666666666667,36,12,0
seed2_i16,2,16,14,14,0.16666666666666666,0.2777777777777778,1,0.3611111111111111,0.3888888888888889,0.3333333333333333,0.3333333333333333,36,12,1
seed2_i17,2,17,15,15,-0.05555555555555555,0.0,-1,0.8055555555555556,0.9444444444444444,0.6666666666666666,0.9166666666666666,36,12,0
seed2_i18,2,18,16,16,-0.16666666666666666,-0.5,-1,0.5555555555555556,0.4444444444444444,0.6666666666666666,0.08333333333333333,36,12,0
seed2_i19,2,19,17,17,0.1666666666666667,-0.7222222222222223,1,0.3611111111111111,0.3888888888888889,0.3333333333333333,0.25,36,12,0
seed2_i2,2,2,2,2,-0.2222222222222222,0.1111111111111111,-1,0.7222222222222222,0.6666666666666666,0.7777777777777778,0.5,36,12,1
seed2_i20,2,20,18,18,0.16666666666666666,0.05555555555555555,1,0.75,0.6666666666666666,0.8333333333333334,0.6666666666666666,36,12,0
seed2_i21,2,21,19,19,0.11111111111111112,0.16666666666666666,1,0.5555555555555556,0.5,0.6111111111111112,0.25,36,12,1
seed2_i22,2,22,20,20,0.11111111111111109,0.11111111111111112,1,0.6111111111111112,0.6666666666666666,0.5555555555555556,0.5833333333333334,36,12,0
seed2_i23,2,23,21,21,0.0,-0.05555555555555555,0,0.7222222222222222,0.7222222222222222,0.7222222222222222,0.16666666666666666,36,12,1
seed2_i24,2,24,22,22,0.05555555555555555,0.0,1,0.8611111111111112,0.8333333333333334,0.8888888888888888,0.5833333333333334,36,12,0
seed2_i25,2,25,23,23,-0.05555555555555555,0.2222222222222222,-1,0.5833333333333334,0.5,0.6666666666666666,0.5833333333333334,36,12,1
seed2_i26,2,26,24,24,-0.05555555555555555,0.2222222222222222,-1,0.8055555555555556,0.8333333333333334,0.7777777777777778,0.4166666666666667,36,12,1
seed2_i27,2,27,25,25,0.11111111111111112,-0.11111111111111112,1,0.7777777777777778,0.8888888888888888,0.6666666666666666,0.5,36,12,0
seed2_i28,2,28,26,26,0.055555555555555546,0.22222222222222224,1,0.5555555555555556,0.5555555555555556,0.5555555555555556,0.4166666666666667,36,12,1
seed2_i29,2,29,27,27,-0.4444444444444444,-0.6111111111111112,-1,0.2777777777777778,0.2222222222222222,0.3333333333333333,0.0,36,12,0
seed2_i3,2,3,3,3,0.055555555555555546,0.3333333333333333,1,0.6111111111111112,0.5,0.7222222222222222,0.16666666666666666,36,12,1
seed2_i4,2,4,4,4,0.11111111111111109,0.2222222222222222,1,0.6388888888888888,0.5555555555555556,0.7222222222222222,0.25,36,12,0
seed2_i6,2,6,5,5,-0.22222222222222224,0.3333333333333333,-1,0.5,0.4444444444444444,0.5555555555555556,0.25,36,12,1
seed2_i7,2,7,6,6,-0.2222222222222222,0.3333333333333333,-1,0.4166666666666667,0.5555555555555556,0.2777777777777778,0.25,36,12,1
seed2_i8,2,8,7,7,0.055555555555555546,0.16666666666666666,1,0.5277777777777778,0.5555555555555556,0.5,0.3333333333333333,36,12,0
seed2_i9,2,9,8,8,1.850371707708594e-17,-0.2777777777777778,0,0.5555555555555556,0.6111111111111112,0.5,0.4166666666666667,36,12,0
seed3_i0,3,0,0,0,0.11111111111111112,-0.22222222222222224,1,0.6666666666666666,0.7777777777777778,0.5555555555555556,0.4166666666666667,36,12,0
seed3_i1,3,1,1,1,0.22222222222222224,-0.2777777777777778,1,0.3611111111111111,0.2777777777777778,0.4444444444444444,0.16666666666666666,36,12,0
seed3_i10,3,10,10,10,0.0,-0.1111111111111111,0,0.8333333333333334,0.7777777777777778,0.8888888888888888,0.5,36,12,0
seed3_i11,3,11,11,11,-0.05555555555555557,0.22222222222222224,-1,0.7222222222222222,0.7222222222222222,0.7222222222222222,0.5,36,12,0
seed3_i12,3,12,12,12,-0.3333333333333333,0.22222222222222224,-1,0.6666666666666666,0.7777777777777778,0.5555555555555556,0.3333333333333333,36,12,1
seed3_i13,3,13,13,13,0.1111111111111111,-0.05555555555555555,1,0.7777777777777778,0.8333333333333334,0.7222222222222222,0.5,36,12,1
seed3_i14,3,14,14,14,-0.2777777777777778,0.611111111111111,-1,0.6388888888888888,0.6666666666666666,0.6111111111111112,0.4166666666666667,36,12,1
seed3_i15,3,15,15,15,0.05555555555555556,0.05555555555555555,1,0.75,0.6666666666666666,0.8333333333333334,0.4166666666666667,36,12,1
seed3_i16,3,16,16,16,-0.16666666666666666,0.16666666666666666,-1,0.8333333333333334,0.8888888888888888,0.7777777777777778,0.75,36,12,0
seed3_i17,3,17,17,17,0.22222222222222224,-0.3888888888888889,1,0.6111111111111112,0.6111111111111112,0.6111111111111112,0.5,36,12,0
seed3_i18,3,18,18,18,0.0,0.11111111111111112,0,0.6666666666666666,0.7222222222222222,0.6111111111111112,0.3333333333333333,36,12,0
seed3_i19,3,19,19,19,1.850371707708594e-17,-0.05555555555555555,0,0.6388888888888888,0.5555555555555556,0.7222222222222222,0.08333333333333333,36,12,1
seed3_i2,3,2,2,2,0.055555555555555546,0.0,1,0.4444444444444444,0.2777777777777778,0.6111111111111112,0.25,36,12,1
seed3_i20,3,20,20,20,0.16666666666666666,-0.4444444444444445,1,0.5277777777777778,0.4444444444444444,0.6111111111111112,0.16666666666666666,36,12,0
seed3_i21,3,21,21,21,0.2222222222222222,0.0,1,0.7777777777777778,0.7777777777777778,0.7777777777777778,0.3333333333333333,36,12,0
seed3_i22,3,22,22,22,0.16666666666666666,-0.5555555555555555,1,0.4444444444444444,0.4444444444444444,0.4444444444444444,0.25,36,12,0
seed3_i23,3,23,23,23,0.05555555555555556,-0.5,1,0.3055555555555556,0.3333333333333333,0.2777777777777778,0.0,36,12,0
seed3_i24,3,24,24,24,0.05555555555555557,-0.3888888888888889,1,0.5277777777777778,0.6111111111111112,0.4444444444444444,0.08333333333333333,36,12,0
seed3_i25,3,25,25,25,0.05555555555555557,0.2777777777777778,1,0.3611111111111111,0.3333333333333333,0.3888888888888889,0.0,36,12,1
seed3_i26,3,26,26,26,-0.055555555555555546,0.1111111111111111,-1,0.8055555555555556,0.7222222222222222,0.8888888888888888,0.4166666666666667,36,12,0
seed3_i27,3,27,27,27,-0.22222222222222224,0.05555555555555555,-1,0.5,0.5555555555555556,0.4444444444444444,0.4166666666666667,36,12,0
seed3_i28,3,28,28,28,-0.05555555555555558,0.3333333333333333,-1,0.4722222222222222,0.3888888888888889,0.5555555555555556,0.25,36,12,1
seed3_i29,3,29,29,29,-0.055555555555555546,-0.11111111111111112,-1,0.6388888888888888,0.7222222222222222,0.5555555555555556,0.25,36,12,0
seed3_i3,3,3,3,3,0.22222222222222218,-0.7777777777777777,1,0.5277777777777778,0.6111111111111112,0.4444444444444444,0.08333333333333333,36,12,0
seed3_i30,3,30,30,30,0.11111111111111112,0.16666666666666666,1,0.75,0.7222222222222222,0.7777777777777778,0.25,36,12,1
seed3_i31,3,31,31,31,0.16666666666666666,-0.05555555555555555,1,0.8333333333333334,0.7222222222222222,0.9444444444444444,0.5833333333333334,36,12,0
seed3_i32,3,32,32,32,-0.1111111111111111,0.5,-1,0.5555555555555556,0.6111111111111112,0.5,0.08333333333333333,36,12,1
seed3_i4,3,4,4,4,-0.11111111111111112,0.3888888888888889,-1,0.4722222222222222,0.6666666666666666,0.2777777777777778,0.3333333333333333,36,12,0
seed3_i5,3,5,5,5,-0.055555555555555546,0.05555555555555555,-1,0.5277777777777778,0.5555555555555556,0.5,0.5,36,12,0
seed3_i6,3,6,6,6,0.1111111111111111,0.1111111111111111,1,0.4722222222222222,0.4444444444444444,0.5,0.25,36,12,0
seed3_i7,3,7,7,7,-0.16666666666666666,0.05555555555555555,-1,0.5833333333333334,0.6111111111111112,0.5555555555555556,0.75,36,12,0
seed3_i8,3,8,8,8,0.2222222222222222,-0.16666666666666666,1,0.6666666666666666,0.6111111111111112,0.7222222222222222,0.5,36,12,0
seed3_i9,3,9,9,9,-0.11111111111111112,-0.3333333333333333,-1,0.5555555555555556,0.5555555555555556,0.5555555555555556,0.16666666666666666,36,12,0
seed4_i0,4,0,0,0,0.27777777777777773,-0.1111111111111111,1,0.5833333333333334,0.6111111111111112,0.5555555555555556,0.25,36,12,0
seed4_i1,4,1,1,1,1.850371707708594e-17,0.3888888888888889,0,0.7222222222222222,0.7777777777777778,0.6666666666666666,0.4166666666666667,36,12,0
seed4_i10,4,10,10,10,-0.055555555555555546,0.16666666666666666,-1,0.6388888888888888,0.5555555555555556,0.7222222222222222,0.4166666666666667,36,12,1
seed4_i11,4,11,11,11,-0.05555555555555555,0.1111111111111111,-1,0.6388888888888888,0.6111111111111112,0.6666666666666666,0.3333333333333333,36,12,0
seed4_i12,4,12,12,12,0.2222222222222222,-0.05555555555555555,1,0.5555555555555556,0.6111111111111112,0.5,0.4166666666666667,36,12,0
seed4_i13,4,13,13,13,0.1111111111111111,0.1111111111111111,1,0.7222222222222222,0.6666666666666666,0.7777777777777778,0.25,36,12,0
seed4_i14,4,14,14,14,0.16666666666666666,-0.1111111111111111,1,0.5555555555555556,0.5555555555555556,0.5555555555555556,0.5833333333333334,36,12,1
seed4_i15,4,15,15,15,0.3333333333333333,-0.1111111111111111,1,0.3888888888888889,0.3333333333333333,0.4444444444444444,0.16666666666666666,36,12,1
seed4_i16,4,16,16,16,0.38888888888888884,-0.16666666666666666,1,0.6388888888888888,0.5555555555555556,0.7222222222222222,0.5,36,12,0
seed4_i17,4,17,17,17,0.27777777777777773,0.11111111111111112,1,0.6388888888888888,0.7222222222222222,0.5555555555555556,0.3333333333333333,36,12,1
seed4_i18,4,18,18,18,-0.16666666666666663,0.055555555555555546,-1,0.8055555555555556,0.8888888888888888,0.7222222222222222,0.5,36,12,0
seed4_i19,4,19,19,19,-0.3333333333333333,0.2777777777777778,-1,0.6944444444444444,0.5555555555555556,0.8333333333333334,0.25,36,12,1
seed4_i2,4,2,2,2,-3.700743415417188e-17,-0.5555555555555555,0,0.5277777777777778,0.4444444444444444,0.6111111111111112,0.0,36,12,0
seed4_i20,4,20,20,20,9.25185853854297e-18,-0.2222222222222222,0,0.7777777777777778,0.7777777777777778,0.7777777777777778,0.4166666666666667,36,12,0
seed4_i21,4,21,21,21,-0.05555555555555555,0.2222222222222222,-1,0.5277777777777778,0.5,0.5555555555555556,0.5,36,12,0
seed4_i22,4,22,22,22,-0.05555555555555555,-0.11111111111111112,-1,0.6944444444444444,0.6666666666666666,0.7222222222222222,0.08333333333333333,36,12,1
seed4_i23,4,23,23,23,0.16666666666666666,0.2222222222222222,1,0.6388888888888888,0.6111111111111112,0.6666666666666666,0.08333333333333333,36,12,1
seed4_i24,4,24,24,24,0.11111111111111112,0.1111111111111111,1,0.6111111111111112,0.6666666666666666,0.5555555555555556,0.5,36,12,1
seed4_i25,4,25,25,25,0.3333333333333333,-0.16666666666666666,1,0.5555555555555556,0.6111111111111112,0.5,0.25,36,12,1
seed4_i26,4,26,26,26,0.055555555555555546,-0.11111111111111112,1,0.6388888888888888,0.6111111111111112,0.6666666666666666,0.08333333333333333,36,12,1
seed4_i3,4,3,3,3,0.38888888888888884,-0.11111111111111112,1,0.5277777777777778,0.5,0.5555555555555556,0.3333333333333333,36,12,1
seed4_i4,4,4,4,4,0.055555555555555525,0.2777777777777778,1,0.5277777777777778,0.5555555555555556,0.5,0.3333333333333333,36,12,1
seed4_i5,4,5,5,5,0.0,-0.1111111111111111,0,0.7777777777777778,0.7777777777777778,0.7777777777777778,0.5,36,12,0
seed4_i6,4,6,6,6,2.7755575615628914e-17,0.2222222222222222,0,0.6666666666666666,0.6666666666666666,0.6666666666666666,0.5,36,12,0
seed4_i7,4,7,7,7,-0.22222222222222224,0.11111111111111112,-1,0.3888888888888889,0.5555555555555556,0.2222222222222222,0.16666666666666666,36,12,0
seed4_i8,4,8,8,8,-0.1111111111111111,-0.05555555555555555,-1,0.6666666666666666,0.7222222222222222,0.6111111111111112,0.4166666666666667,36,12,1
seed4_i9,4,9,9,9,-2.7755575615628914e-17,-0.2777777777777778,0,0.5555555555555556,0.5555555555555556,0.5555555555555556,0.08333333333333333,36,12,0
seed5_i0,5,0,0,0,-0.11111111111111112,-0.05555555555555555,-1,0.6666666666666666,0.6111111111111112,0.7222222222222222,0.3333333333333333,36,12,0
seed5_i1,5,1,1,1,-0.16666666666666666,0.05555555555555555,-1,0.2777777777777778,0.16666666666666666,0.3888888888888889,0.3333333333333333,36,12,0
seed5_i10,5,10,10,10,0.11111111111111112,-0.22222222222222224,1,0.6666666666666666,0.6666666666666666,0.6666666666666666,0.4166666666666667,36,12,0
seed5_i11,5,11,11,11,0.05555555555555555,0.3333333333333333,1,0.4444444444444444,0.5,0.3888888888888889,0.25,36,12,1
seed5_i12,5,12,12,12,-1.850371707708594e-17,-0.27777777777777773,0,0.7777777777777778,0.8333333333333334,0.7222222222222222,0.4166666666666667,36,12,0
seed5_i13,5,13,13,13,-0.2222222222222222,0.2222222222222222,-1,0.6666666666666666,0.7777777777777778,0.5555555555555556,0.3333333333333333,36,12,1
seed5_i14,5,14,14,14,0.05555555555555555,0.2222222222222222,1,0.5555555555555556,0.7222222222222222,0.3888888888888889,0.3333333333333333,36,12,0
seed5_i15,5,15,15,15,-9.25185853854297e-18,0.11111111111111112,0,0.7777777777777778,0.7777777777777778,0.7777777777777778,0.4166666666666667,36,12,0
seed5_i16,5,16,16,16,0.3333333333333333,-0.05555555555555555,1,0.8055555555555556,0.7222222222222222,0.8888888888888888,0.5833333333333334,36,12,0
seed5_i17,5,17,17,17,0.1111111111111111,-0.2222222222222222,1,0.7222222222222222,0.6666666666666666,0.7777777777777778,0.5833333333333334,36,12,0
seed5_i18,5,18,18,18,0.05555555555555555,0.3333333333333333,1,0.5277777777777778,0.5,0.5555555555555556,0.0,36,12,0
seed5_i19,5,19,19,19,-0.11111111111111112,0.2222222222222222,-1,0.6666666666666666,0.6666666666666666,0.6666666666666666,0.3333333333333333,36,12,1
seed5_i2,5,2,2,2,0.16666666666666666,0.2222222222222222,1,0.6944444444444444,0.6111111111111112,0.7777777777777778,0.16666666666666666,36,12,0
seed5_i20,5,20,20,20,-0.05555555555555555,0.3888888888888889,-1,0.75,0.7777777777777778,0.7222222222222222,0.3333333333333333,36,12,1
seed5_i21,5,21,21,21,0.11111111111111112,-0.3333333333333333,1,0.6944444444444444,0.6666666666666666,0.7222222222222222,0.25,36,12,0
seed5_i22,5,22,22,22,0.16666666666666666,0.05555555555555555,1,0.8055555555555556,0.7777777777777778,0.8333333333333334,0.6666666666666666,36,12,1
seed5_i23,5,23,23,23,9.25185853854297e-18,0.16666666666666666,0,0.4444444444444444,0.5,0.3888888888888889,0.25,36,12,1
seed5_i24,5,24,24,24,0.1111111111111111,-0.2222222222222222,1,0.5,0.5555555555555556,0.4444444444444444,0.5,36,12,0
seed5_i25,5,25,25,25,0.22222222222222224,-0.4444444444444445,1,0.6944444444444444,0.6666666666666666,0.7222222222222222,0.4166666666666667,36,12,0
seed5_i26,5,26,26,26,-0.5555555555555555,0.2777777777777778,-1,0.5,0.5,0.5,0.0,36,12,0
seed5_i27,5,27,27,27,0.05555555555555555,0.0,1,0.9166666666666666,0.9444444444444444,0.8888888888888888,0.75,36,12,0
seed5_i28,5,28,28,28,0.05555555555555555,-0.05555555555555555,1,0.6111111111111112,0.4444444444444444,0.7777777777777778,0.25,36,12,0
seed5_i29,5,29,29,29,-0.16666666666666666,0.05555555555555555,-1,0.4722222222222222,0.4444444444444444,0.5,0.3333333333333333,36,12,1
seed5_i3,5,3,3,3,-0.05555555555555555,-0.05555555555555555,-1,0.9166666666666666,0.8888888888888888,0.9444444444444444,0.75,36,12,0
seed5_i30,5,30,30,30,0.2222222222222222,-0.1111111111111111,1,0.8333333333333334,0.8888888888888888,0.7777777777777778,0.6666666666666666,36,12,0
seed5_i31,5,31,31,31,0.1111111111111111,-0.05555555555555555,1,0.6111111111111112,0.6111111111111112,0.6111111111111112,0.25,36,12,0
seed5_i32,5,32,32,32,0.05555555555555556,0.16666666666666666,1,0.75,0.7777777777777778,0.7222222222222222,0.3333333333333333,36,12,0
seed5_i33,5,33,33,33,0.0,0.0,0,0.4722222222222222,0.5,0.4444444444444444,0.0,36,12,0
seed5_i4,5,4,4,4,0.4444444444444445,0.5555555555555555,1,0.4444444444444444,0.4444444444444444,0.4444444444444444,0.08333333333333333,36,12,1
seed5_i5,5,5,5,5,-0.05555555555555555,0.2222222222222222,-1,0.8055555555555556,0.8333333333333334,0.7777777777777778,0.4166666666666667,36,12,0
seed5_i6,5,6,6,6,-0.05555555555555555,0.05555555555555555,-1,0.6944444444444444,0.7777777777777778,0.6111111111111112,0.5833333333333334,36,12,1
seed5_i7,5,7,7,7,0.1111111111111111,0.3333333333333333,1,0.6388888888888888,0.6111111111111112,0.6666666666666666,0.16666666666666666,36,12,0
seed5_i8,5,8,8,8,0.0,0.05555555555555555,0,0.6388888888888888,0.7777777777777778,0.5,0.5833333333333334,36,12,0
seed5_i9,5,9,9,9,-0.16666666666666666,-0.27777777777777773,-1,0.6388888888888888,0.6111111111111112,0.6666666666666666,0.08333333333333333,36,12,0
seed6_i0,6,0,0,0,-0.16666666666666666,0.38888888888888884,-1,0.5,0.5,0.5,0.25,36,12,1
seed6_i1,6,1,1,1,0.22222222222222224,0.055555555555555546,1,0.5277777777777778,0.6111111111111112,0.4444444444444444,0.25,36,12,0
seed6_i10,6,10,10,10,0.11111111111111112,-0.1111111111111111,1,0.6388888888888888,0.6111111111111112,0.6666666666666666,0.5,36,12,1
seed6_i11,6,11,11,11,3.700743415417188e-17,0.27777777777777773,0,0.5555555555555556,0.5,0.6111111111111112,0.25,36,12,1
seed6_i12,6,12,12,12,-0.11111111111111106,0.611111111111111,-1,0.4444444444444444,0.4444444444444444,0.4444444444444444,0.25,36,12,1
seed6_i13,6,13,13,13,-0.16666666666666666,0.16666666666666666,-1,0.6388888888888888,0.6111111111111112,0.6666666666666666,0.4166666666666667,36,12,0
seed6_i14,6,14,14,14,0.16666666666666666,-0.27777777777777773,1,0.8055555555555556,0.8888888888888888,0.7222222222222222,0.5833333333333334,36,12,0
seed6_i15,6,15,15,15,-0.16666666666666666,0.16666666666666666,-1,0.6944444444444444,0.6666666666666666,0.7222222222222222,0.3333333333333333,36,12,1
seed6_i16,6,16,16,16,0.16666666666666666,0.055555555555555546,1,0.4166666666666667,0.3333333333333333,0.5,0.25,36,12,0
seed6_i17,6,17,17,17,0.4444444444444444,-0.1111111111111111,1,0.6944444444444444,0.5555555555555556,0.8333333333333334,0.5833333333333334,36,12,0
seed6_i18,6,18,18,18,0.05555555555555556,-0.05555555555555555,1,0.5555555555555556,0.6666666666666666,0.4444444444444444,0.08333333333333333,36,12,0
seed6_i19,6,19,19,19,0.38888888888888884,-0.6111111111111112,1,0.4166666666666667,0.3888888888888889,0.4444444444444444,0.0,36,12,0
seed6_i2,6,2,2,2,-0.11111111111111109,-0.16666666666666666,-1,0.4722222222222222,0.3888888888888889,0.5555555555555556,0.16666666666666666,36,12,0
seed6_i20,6,20,20,20,-0.2222222222222222,0.2222222222222222,-1,0.7777777777777778,0.8888888888888888,0.6666666666666666,0.5833333333333334,36,12,0
seed6_i21,6,21,21,21,0.05555555555555555,-0.1111111111111111,1,0.8055555555555556,0.8333333333333334,0.7777777777777778,0.5833333333333334,36,12,0
seed6_i22,6,22,22,22,0.05555555555555555,0.3888888888888889,1,0.7222222222222222,0.7222222222222222,0.7222222222222222,0.4166666666666667,36,12,0
seed6_i23,6,23,23,23,0.05555555555555556,0.27777777777777773,1,0.6944444444444444,0.6666666666666666,0.7222222222222222,0.3333333333333333,36,12,1
seed6_i24,6,24,24,24,0.1111111111111111,0.2222222222222222,1,0.6666666666666666,0.5555555555555556,0.7777777777777778,0.3333333333333333,36,12,1
seed6_i25,6,25,25,25,-0.2222222222222222,0.1111111111111111,-1,0.2777777777777778,0.2777777777777778,0.2777777777777778,0.25,36,12,0
seed6_i26,6,26,26,26,-0.16666666666666666,0.2222222222222222,-1,0.5833333333333334,0.5555555555555556,0.6111111111111112,0.25,36,12,1
seed6_i28,6,28,27,27,0.3888888888888889,-0.3888888888888889,1,0.5555555555555556,0.6666666666666666,0.4444444444444444,0.4166666666666667,36,12,1
seed6_i3,6,3,3,3,0.11111111111111109,0.2222222222222222,1,0.7222222222222222,0.6666666666666666,0.7777777777777778,0.3333333333333333,36,12,1
seed6_i4,6,4,4,4,0.1111111111111111,0.1111111111111111,1,0.5277777777777778,0.6111111111111112,0.4444444444444444,0.4166666666666667,36,12,1
seed6_i5,6,5,5,5,-0.3333333333333333,0.3333333333333333,-1,0.6388888888888888,0.6666666666666666,0.6111111111111112,0.6666666666666666,36,12,0
seed6_i6,6,6,6,6,-0.22222222222222224,-0.2222222222222222,-1,0.6666666666666666,0.5,0.8333333333333334,0.25,36,12,0
seed6_i7,6,7,7,7,0.1111111111111111,-0.2222222222222222,1,0.75,0.6666666666666666,0.8333333333333334,0.5,36,12,0
seed6_i8,6,8,8,8,0.0,0.4444444444444444,0,0.4722222222222222,0.4444444444444444,0.5,0.08333333333333333,36,12,1
seed6_i9,6,9,9,9,0.2222222222222222,-0.16666666666666666,1,0.8333333333333334,0.8333333333333334,0.8333333333333334,0.5,36,12,0
seed7_i0,7,0,0,0,0.2222222222222222,-0.3333333333333333,1,0.4444444444444444,0.5555555555555556,0.3333333333333333,0.25,36,12,0
seed7_i1,7,1,1,1,-0.2222222222222223,-0.5,-1,0.4166666666666667,0.2777777777777778,0.5555555555555556,0.16666666666666666,36,12,0
seed7_i10,7,10,10,10,-0.05555555555555555,0.0,-1,0.4722222222222222,0.6111111111111112,0.3333333333333333,0.5,36,12,1
seed7_i11,7,11,11,11,-0.055555555555555546,0.0,-1,0.6111111111111112,0.6111111111111112,0.6111111111111112,0.16666666666666666,36,12,1
seed7_i12,7,12,12,12,-0.11111111111111112,-0.05555555555555555,-1,0.6111111111111112,0.5,0.7222222222222222,0.4166666666666667,36,12,0
seed7_i13,7,13,13,13,0.22222222222222218,0.4444444444444445,1,0.5555555555555556,0.4444444444444444,0.6666666666666666,0.16666666666666666,36,12,1
seed7_i14,7,14,14,14,-0.1111111111111111,0.1111111111111111,-1,0.6666666666666666,0.5555555555555556,0.7777777777777778,0.5,36,12,0
seed7_i15,7,15,15,15,-0.22222222222222224,-0.16666666666666666,-1,0.5,0.5,0.5,0.3333333333333333,36,12,1
seed7_i16,7,16,16,16,0.2222222222222222,-0.6666666666666666,1,0.5,0.5,0.5,0.0,36,12,0
seed7_i17,7,17,17,17,-0.16666666666666666,-0.27777777777777773,-1,0.6111111111111112,0.6111111111111112,0.6111111111111112,0.3333333333333333,36,12,0
seed7_i18,7,18,18,18,0.1111111111111111,-0.16666666666666666,1,0.6666666666666666,0.6666666666666666,0.6666666666666666,0.4166666666666667,36,12,0
seed7_i19,7,19,19,19,-0.11111111111111109,0.38888888888888884,-1,0.6388888888888888,0.6111111111111112,0.6666666666666666,0.08333333333333333,36,12,1
seed7_i2,7,2,2,2,-0.1111111111111111,0.11111111111111112,-1,0.5555555555555556,0.5555555555555556,0.5555555555555556,0.25,36,12,0
seed7_i20,7,20,20,20,0.38888888888888884,0.0,1,0.6111111111111112,0.7777777777777778,0.4444444444444444,0.4166666666666667,36,12,1
seed7_i21,7,21,21,21,0.05555555555555555,-0.05555555555555555,1,0.6666666666666666,0.6666666666666666,0.6666666666666666,0.3333333333333333,36,12,1
seed7_i22,7,22,22,22,-0.11111111111111112,0.4444444444444445,-1,0.5555555555555556,0.6666666666666666,0.4444444444444444,0.16666666666666666,36,12,1
seed7_i23,7,23,23,23,0.22222222222222224,-0.22222222222222224,1,0.5555555555555556,0.5,0.6111111111111112,0.4166666666666667,36,12,1
seed7_i24,7,24,24,24,0.1111111111111111,0.05555555555555555,1,0.6944444444444444,0.6666666666666666,0.7222222222222222,0.5,36,12,0
seed7_i25,7,25,25,25,-0.11111111111111112,-0.05555555555555555,-1,0.8333333333333334,0.8333333333333334,0.8333333333333334,0.6666666666666666,36,12,1
seed7_i26,7,26,26,26,0.05555555555555557,0.0,1,0.8055555555555556,0.7222222222222222,0.8888888888888888,0.5,36,12,0
seed7_i3,7,3,3,3,-0.1111111111111111,0.0,-1,0.5,0.4444444444444444,0.5555555555555556,0.16666666666666666,36,12,0
seed7_i4,7,4,4,4,-9.25185853854297e-18,-0.16666666666666666,0,0.6944444444444444,0.6111111111111112,0.7777777777777778,0.4166666666666667,36,12,0
seed7_i5,7,5,5,5,0.1111111111111111,0.2222222222222222,1,0.5,0.4444444444444444,0.5555555555555556,0.16666666666666666,36,12,1
seed7_i6,7,6,6,6,0.0,0.2222222222222222,0,0.7222222222222222,0.7777777777777778,0.6666666666666666,0.4166666666666667,36,12,0
seed7_i7,7,7,7,7,-0.11111111111111109,0.16666666666666666,-1,0.6666666666666666,0.7222222222222222,0.6111111111111112,0.5,36,12,1
seed7_i8,7,8,8,8,0.3333333333333333,0.1111111111111111,1,0.7222222222222222,0.5555555555555556,0.8888888888888888,0.4166666666666667,36,12,1
seed7_i9,7,9,9,9,-0.16666666666666666,0.05555555555555555,-1,0.6388888888888888,0.5555555555555556,0.7222222222222222,0.4166666666666667,36,12,0
