batch_id,seed,iteration,arm,call_idx,child_score_sum,parent_score_sum_today,parent_score_sum_logged,accept_today,child_instr_len,cum_spend_usd
s0_it2,0,2,ii,0,1.4667,1.0667,,1,3265,0.0081
s0_it2,0,2,i,1,1.8,1.0667,,1,2869,0.0148
s0_it2,0,2,iii,2,1.8,1.0667,,1,2115,0.0216
s0_it4,0,4,iii,0,1.0833,1.25,,0,3611,0.0394
s0_it4,0,4,i_rep,1,1.25,1.25,,0,4799,0.0544
s0_it4,0,4,ii,2,1.25,1.25,,0,4231,0.068
s0_it4,0,4,i,3,1.9167,1.25,,1,3890,0.079
s0_it6,0,6,iii,0,1.5,1.25,,1,5412,0.1023
s0_it6,0,6,ii,1,1.25,1.25,,0,4815,0.1213
s0_it6,0,6,i,2,1.25,1.25,,0,3316,0.1365
s0_it8,0,8,i,0,1.5,1.1667,,1,3280,0.1516
s0_it8,0,8,iii,1,1.5,1.1667,,1,4072,0.1639
s0_it8,0,8,ii,2,1.1667,1.1667,,0,3370,0.1755
s0_it11,0,11,i,0,2.1667,2.1667,,0,4467,0.1916
s0_it11,0,11,ii,1,2.1667,2.1667,,0,2574,0.2017
s0_it11,0,11,iii,2,2.1667,2.1667,,0,3061,0.2114
s0_it19,0,19,i,0,2.0,0.5,,1,4966,0.2347
s0_it19,0,19,iii,1,1.5,0.5,,1,3778,0.2488
s0_it19,0,19,ii,2,2.0,0.5,,1,3656,0.2689
s0_it21,0,21,i_rep,0,2.1,2.1,,0,5512,0.2862
s0_it21,0,21,i,1,2.3,2.1,,1,4765,0.2971
s0_it21,0,21,iii,2,1.05,2.1,,0,4044,0.308
s0_it21,0,21,ii,3,2.1,2.1,,0,4983,0.3219
s0_it23,0,23,ii,0,2.25,2.25,,0,4871,0.3386
s0_it23,0,23,iii,1,2.0,2.25,,0,4507,0.3526
s0_it23,0,23,i,2,2.25,2.25,,0,4530,0.3666
s0_it26,0,26,ii,0,1.0833,1.0833,,0,3065,0.3916
s0_it26,0,26,iii,1,0.8333,1.0833,,0,3331,0.4081
s0_it26,0,26,i,2,1.0833,1.0833,,0,3224,0.4247
s0_it27,0,27,i,0,1.4,1.7,,0,4439,0.4461
s0_it27,0,27,i_rep,1,1.9,1.7,,1,4156,0.4584
s0_it27,0,27,iii,2,2.15,1.7,,1,4639,0.4754
s0_it27,0,27,ii,3,1.95,1.7,,1,3951,0.4899
s0_it30,0,30,ii,0,1.6667,1.3333,,1,4695,0.5065
s0_it30,0,30,iii,1,2.0,1.3333,,1,3972,0.5197
s0_it30,0,30,i,2,1.6667,1.3333,,1,3760,0.5327
s0_it31,0,31,i,0,0.8333,0.5,,1,4207,0.5556
s0_it31,0,31,ii,1,0.5,0.5,,0,4594,0.5729
s0_it31,0,31,iii,2,0.8333,0.5,,1,4730,0.5909
s0_it33,0,33,ii,0,1.5,1.5,,0,5219,0.6099
s0_it33,0,33,i_rep,1,1.0,1.5,,0,5056,0.6254
s0_it33,0,33,i,2,1.0,1.5,,0,6059,0.6386
s0_it33,0,33,iii,3,1.5,1.5,,0,5599,0.6553
s0_it37,0,37,iii,0,1.5,1.5,,0,3796,0.6676
s0_it37,0,37,i,1,1.5,1.5,,0,3360,0.6776
s0_it37,0,37,ii,2,1.8333,1.5,,1,3819,0.6876
s0_it40,0,40,ii,0,1.8333,1.8333,,0,4143,0.7024
s0_it40,0,40,i,1,1.8333,1.8333,,0,2908,0.7133
s0_it40,0,40,iii,2,1.5,1.8333,,0,3219,0.7227
s1_it1,1,1,ii,0,2.1667,1.8333,,1,3342,0.736
s1_it1,1,1,iii,1,2.1667,1.8333,,1,2753,0.745
s1_it1,1,1,i,2,1.8333,1.8333,,0,2340,0.7536
s1_it1,1,1,i_rep,3,1.8333,1.8333,,0,2264,0.7598
s1_it9,1,9,iii,0,0.9,1.1,,0,3189,0.7737
s1_it9,1,9,ii,1,1.1,1.1,,0,2535,0.7832
s1_it9,1,9,i,2,1.3,1.1,,1,3028,0.7943
s1_it10,1,10,iii,0,1.0,1.5,,0,4650,0.8152
s1_it10,1,10,ii,1,0.75,1.5,,0,4785,0.8324
s1_it10,1,10,i,2,0.75,1.5,,0,4260,0.8473
s1_it11,1,11,ii,0,1.3333,1.0,,1,4064,0.8607
s1_it11,1,11,iii,1,1.9167,1.0,,1,4327,0.8735
s1_it11,1,11,i,2,1.5,1.0,,1,4735,0.8879
s1_it12,1,12,i_rep,0,1.5,1.75,,0,3981,0.903
s1_it12,1,12,iii,1,2.0,1.75,,1,3376,0.912
s1_it12,1,12,i,2,1.75,1.75,,0,4418,0.9219
s1_it12,1,12,ii,3,1.75,1.75,,0,4208,0.9345
s1_it16,1,16,i,0,2.1,2.3,,0,5109,0.9532
s1_it16,1,16,iii,1,2.1,2.3,,0,6098,0.9706
s1_it16,1,16,i_rep,2,2.1,2.3,,0,6266,0.9848
s1_it16,1,16,ii,3,2.3,2.3,,0,5204,0.9984
s1_it19,1,19,i,0,2.0,1.3333,,1,4643,1.0156
s1_it19,1,19,iii,1,1.6667,1.3333,,1,6503,1.0328
s1_it19,1,19,ii,2,1.6667,1.3333,,1,4144,1.0451
s1_it20,1,20,iii,0,2.1667,2.1667,,0,6007,1.0703
s1_it20,1,20,i,1,1.5,2.1667,,0,6315,1.0871
s1_it20,1,20,ii,2,1.5,2.1667,,0,5503,1.1083
s1_it20,1,20,i_rep,3,1.1667,2.1667,,0,5018,1.1269
s1_it24,1,24,i_rep,0,1.5,1.5,,0,2997,1.1362
s1_it24,1,24,ii,1,1.5,1.5,,0,2942,1.1441
s1_it24,1,24,iii,2,1.5,1.5,,0,2343,1.1511
s1_it24,1,24,i,3,1.5,1.5,,0,1550,1.1553
s1_it26,1,26,i_rep,0,2.25,2.25,,0,3645,1.1696
s1_it26,1,26,i,1,2.5,2.25,,1,4438,1.1801
s1_it26,1,26,ii,2,2.5,2.25,,1,3989,1.1907
s1_it26,1,26,iii,3,2.5,2.25,,1,4931,1.203
s1_it27,1,27,i,0,0.0,1.3333,,0,4116,1.2773
s1_it27,1,27,ii,1,1.5,1.3333,,1,4908,1.2935
s1_it27,1,27,iii,2,1.8333,1.3333,,1,5428,1.3091
s1_it28,1,28,ii,0,2.25,2.25,,0,5283,1.3279
s1_it28,1,28,iii,1,2.0,2.25,,0,5544,1.3448
s1_it28,1,28,i,2,2.25,2.25,,0,6006,1.3634
s1_it28,1,28,i_rep,3,2.0,2.25,,0,4278,1.3744
s1_it32,1,32,iii,0,3.0,3.0,,0,3157,1.4047
s1_it32,1,32,ii,1,3.0,3.0,,0,4063,1.4285
s1_it32,1,32,i,2,3.0,3.0,,0,2907,1.4518
s2_it4,2,4,ii,0,1.5,1.5,,0,4587,1.4664
s2_it4,2,4,i,1,1.5,1.5,,0,2518,1.476
s2_it4,2,4,iii,2,1.5,1.5,,0,4823,1.4897
s2_it7,2,7,iii,0,1.4,1.2,,1,3931,1.5122
s2_it7,2,7,ii,1,1.6,1.2,,1,3436,1.5268
s2_it7,2,7,i,2,1.6,1.2,,1,2383,1.5414
s2_it8,2,8,iii,0,0.9333,1.2667,,0,4174,1.5595
s2_it8,2,8,i,1,0.9333,1.2667,,0,3747,1.5729
s2_it8,2,8,ii,2,0.9333,1.2667,,0,4251,1.5882
s2_it11,2,11,iii,0,1.5833,1.8333,,0,4367,1.6042
s2_it11,2,11,ii,1,2.0833,1.8333,,1,4453,1.6182
s2_it11,2,11,i,2,2.0833,1.8333,,1,4589,1.6329
s2_it14,2,14,i_rep,0,2.1,2.1,,0,2126,1.6411
s2_it14,2,14,ii,1,2.1,2.1,,0,2808,1.6492
s2_it14,2,14,iii,2,2.8,2.1,,1,2595,1.657
s2_it14,2,14,i,3,2.3,2.1,,1,2426,1.6645
s2_it15,2,15,i_rep,0,1.75,1.75,,0,4773,1.6823
s2_it15,2,15,ii,1,1.5,1.75,,0,4248,1.6965
s2_it15,2,15,iii,2,1.75,1.75,,0,5040,1.71
s2_it15,2,15,i,3,1.75,1.75,,0,4463,1.7208
s2_it18,2,18,ii,0,2.4167,2.4167,,0,2885,1.7308
s2_it18,2,18,iii,1,2.1667,2.4167,,0,1388,1.7368
s2_it18,2,18,i,2,2.1667,2.4167,,0,2795,1.7463
s2_it22,2,22,i_rep,0,1.8,1.6,,1,4357,1.7653
s2_it22,2,22,i,1,1.0667,1.6,,0,3850,1.7758
s2_it22,2,22,iii,2,1.8,1.6,,1,3924,1.7891
s2_it22,2,22,ii,3,1.8,1.6,,1,4501,1.8029
s2_it24,2,24,iii,0,2.3333,2.6667,,0,4423,1.8195
s2_it24,2,24,i_rep,1,2.6667,2.6667,,0,4066,1.832
s2_it24,2,24,i,2,2.3333,2.6667,,0,4378,1.8425
s2_it24,2,24,ii,3,1.75,2.6667,,0,4656,1.8565
s2_it28,2,28,i,0,1.5667,1.5667,,0,5276,1.8839
s2_it28,2,28,iii,1,1.5667,1.5667,,0,4263,1.9032
s2_it28,2,28,ii,2,1.5667,1.5667,,0,4191,1.9214
s2_it28,2,28,i_rep,3,1.7667,1.5667,,1,3937,1.9336
s2_it29,2,29,i_rep,0,1.25,1.9167,,0,3566,1.9489
s2_it29,2,29,i,1,1.3333,1.9167,,0,4251,1.9592
s2_it29,2,29,ii,2,1.3333,1.9167,,0,4459,1.9714
s2_it29,2,29,iii,3,1.5,1.9167,,0,4130,1.9827
s2_it36,2,36,iii,0,1.5,0.3333,,1,3679,2.0003
s2_it36,2,36,ii,1,1.1667,0.3333,,1,3108,2.0141
s2_it36,2,36,i,2,1.5,0.3333,,1,2476,2.0272
s2_it37,2,37,ii,0,1.25,1.0,,1,3954,2.0436
s2_it37,2,37,iii,1,1.25,1.0,,1,2955,2.0563
s2_it37,2,37,i_rep,2,1.5,1.0,,1,4172,2.071
s2_it37,2,37,i,3,1.25,1.0,,1,3335,2.0803
s2_it38,2,38,ii,0,2.1667,2.1667,,0,4881,2.0956
s2_it38,2,38,i,1,2.6667,2.1667,,1,4505,2.109
s2_it38,2,38,iii,2,2.1667,2.1667,,0,5054,2.1211
s2_it40,2,40,i,0,1.5833,1.5833,,0,4281,2.1442
s2_it40,2,40,ii,1,1.0833,1.5833,,0,1882,2.1585
s2_it40,2,40,iii,2,1.5833,1.5833,,0,4141,2.176
s3_it2,3,2,ii,0,2.0,2.5,,0,2814,2.1845
s3_it2,3,2,iii,1,2.1667,2.5,,0,2408,2.1916
s3_it2,3,2,i,2,2.6667,2.5,,1,2616,2.1994
s3_it10,3,10,i,0,1.0,0.25,,1,4457,2.2195
s3_it10,3,10,iii,1,0.75,0.25,,1,5816,2.2369
s3_it10,3,10,ii,2,0.75,0.25,,1,4788,2.2527
s3_it11,3,11,i,0,1.3333,1.6667,,0,3160,2.2701
s3_it11,3,11,iii,1,1.8333,1.6667,,1,3660,2.2848
s3_it11,3,11,ii,2,2.1667,1.6667,,1,3419,2.2988
s3_it12,3,12,i,0,2.4,1.5,,1,3794,2.3175
s3_it12,3,12,iii,1,2.0,1.5,,1,4752,2.3348
s3_it12,3,12,ii,2,2.2,1.5,,1,3743,2.3487
s3_it14,3,14,iii,0,1.5,1.5,,0,3309,2.3776
s3_it14,3,14,ii,1,1.5,1.5,,0,4670,2.3975
s3_it14,3,14,i,2,1.25,1.5,,0,4565,2.418
s3_it14,3,14,i_rep,3,1.5,1.5,,0,4658,2.4328
s3_it18,3,18,iii,0,2.3333,1.75,,1,3536,2.4435
s3_it18,3,18,i,1,1.3333,1.75,,0,3258,2.4533
s3_it18,3,18,ii,2,1.4167,1.75,,0,3534,2.4631
s3_it20,3,20,i,0,1.9167,1.6667,,1,3532,2.4832
s3_it20,3,20,ii,1,2.1667,1.6667,,1,3335,2.4978
s3_it20,3,20,iii,2,2.1667,1.6667,,1,2692,2.512
s3_it21,3,21,i,0,2.0,2.0,,0,3266,2.5231
s3_it21,3,21,ii,1,2.0,2.0,,0,3714,2.533
s3_it21,3,21,iii,2,2.0,2.0,,0,4088,2.5436
s3_it24,3,24,i,0,2.0833,2.6667,,0,4398,2.562
s3_it24,3,24,iii,1,2.6667,2.6667,,0,4852,2.5777
s3_it24,3,24,ii,2,2.6667,2.6667,,0,5002,2.5915
s3_it26,3,26,ii,0,1.0667,1.0667,,0,4558,2.6072
s3_it26,3,26,i,1,0.8667,1.0667,,0,4867,2.6201
s3_it26,3,26,i_rep,2,0.8667,1.0667,,0,4490,2.6302
s3_it26,3,26,iii,3,1.0667,1.0667,,0,5814,2.6438
s3_it31,3,31,iii,0,2.0,1.0,,1,5168,2.6677
s3_it31,3,31,ii,1,1.5,1.0,,1,5235,2.6864
s3_it31,3,31,i,2,1.0,1.0,,0,4259,2.703
s3_it35,3,35,ii,0,2.0,2.0,,0,2995,2.7115
s3_it35,3,35,i,1,1.5,2.0,,0,2903,2.721
s3_it35,3,35,iii,2,1.25,2.0,,0,2938,2.7322
s3_it39,3,39,i,0,1.0,1.3333,,0,5701,2.7548
s3_it39,3,39,iii,1,1.0,1.3333,,0,5020,2.7714
s3_it39,3,39,ii,2,1.3333,1.3333,,0,5481,2.7875
s3_it40,3,40,iii,0,1.75,1.75,,0,6000,2.81
s3_it40,3,40,i,1,1.75,1.75,,0,6134,2.8269
s3_it40,3,40,ii,2,1.25,1.75,,0,4055,2.8391
s3_it42,3,42,iii,0,2.75,2.25,,1,4720,2.8653
s3_it42,3,42,ii,1,2.25,2.25,,0,4969,2.8846
s3_it42,3,42,i_rep,2,1.75,2.25,,0,3937,2.902
s3_it42,3,42,i,3,2.0,2.25,,0,3205,2.9149
s4_it2,4,2,i,0,1.25,1.25,,0,2186,2.9233
s4_it2,4,2,ii,1,1.25,1.25,,0,2180,2.9301
s4_it2,4,2,i_rep,2,1.5,1.25,,1,2191,2.9354
s4_it2,4,2,iii,3,1.25,1.25,,0,2722,2.9436
s4_it4,4,4,ii,0,3.0,1.5,,1,3460,2.9692
s4_it4,4,4,i,1,3.0,1.5,,1,2398,2.9847
s4_it4,4,4,iii,2,2.5,1.5,,1,2671,2.998
s4_it12,4,12,ii,0,1.5,1.5,,0,3636,3.0152
s4_it12,4,12,i_rep,1,1.5,1.5,,0,2133,3.0272
s4_it12,4,12,iii,2,1.75,1.5,,1,2435,3.0393
s4_it12,4,12,i,3,1.5,1.5,,0,1685,3.0469
s4_it13,4,13,ii,0,2.6667,2.6667,,0,3829,3.0591
s4_it13,4,13,iii,1,2.6667,2.6667,,0,2596,3.0678
s4_it13,4,13,i,2,2.3333,2.6667,,0,3223,3.0776
s4_it13,4,13,i_rep,3,2.6667,2.6667,,0,3227,3.0875
s4_it14,4,14,i_rep,0,2.5,2.25,,1,3925,3.1005
s4_it14,4,14,iii,1,2.25,2.25,,0,3330,3.1106
s4_it14,4,14,i,2,2.25,2.25,,0,3054,3.1181
s4_it14,4,14,ii,3,2.25,2.25,,0,3351,3.1282
s4_it15,4,15,ii,0,1.25,1.5,,0,3616,3.1394
s4_it15,4,15,iii,1,1.25,1.5,,0,3365,3.1486
s4_it15,4,15,i,2,0.75,1.5,,0,4717,3.1611
s4_it17,4,17,i,0,2.1,1.6,,1,4779,3.1795
s4_it17,4,17,iii,1,2.1,1.6,,1,6570,3.1978
s4_it17,4,17,ii,2,1.6,1.6,,0,3346,3.2092
s4_it19,4,19,i,0,1.2333,1.6833,,0,2560,3.2214
s4_it19,4,19,iii,1,2.1333,1.6833,,1,2909,3.2311
s4_it19,4,19,ii,2,1.9333,1.6833,,1,3215,3.2418
s4_it25,4,25,iii,0,1.75,1.75,,0,3887,3.2556
s4_it25,4,25,i,1,1.75,1.75,,0,5158,3.2691
s4_it25,4,25,ii,2,1.5,1.75,,0,3337,3.2783
s4_it29,4,29,ii,0,0.9167,1.25,,0,4244,3.3162
s4_it29,4,29,i,1,1.25,1.25,,0,4829,3.3476
s4_it29,4,29,i_rep,2,1.25,1.25,,0,3899,3.3745
s4_it29,4,29,iii,3,1.25,1.25,,0,6060,3.3981
s4_it35,4,35,iii,0,0.9,1.1,,0,2579,3.4086
s4_it35,4,35,ii,1,0.9,1.1,,0,3486,3.418
s4_it35,4,35,i,2,0.9,1.1,,0,4248,3.4291
s4_it38,4,38,ii,0,1.1667,1.8333,,0,5660,3.4522
s4_it38,4,38,iii,1,1.4167,1.8333,,0,4552,3.4691
s4_it38,4,38,i,2,1.5,1.8333,,0,4494,3.4867
s4_it39,4,39,iii,0,2.5,2.5,,0,3893,3.4995
s4_it39,4,39,ii,1,2.5,2.5,,0,3821,3.509
s4_it39,4,39,i,2,2.5,2.5,,0,3561,3.5187
s4_it39,4,39,i_rep,3,2.5,2.5,,0,4382,3.5287
s4_it40,4,40,i,0,2.25,1.5,,1,5734,3.5585
s4_it40,4,40,ii,1,1.5,1.5,,0,5939,3.5815
s4_it40,4,40,i_rep,2,1.75,1.5,,1,4711,3.5979
s4_it40,4,40,iii,3,2.25,1.5,,1,6742,3.6226
s4_it41,4,41,i,0,2.25,2.75,,0,6271,3.6596
s4_it41,4,41,iii,1,2.5,2.75,,0,5865,3.6912
s4_it41,4,41,ii,2,3.0,2.75,,1,4987,3.7174
s4_it43,4,43,i,0,1.5,1.5,,0,4691,3.7316
s4_it43,4,43,ii,1,1.5,1.5,,0,4001,3.7423
s4_it43,4,43,iii,2,1.8333,1.5,,1,3096,3.752
s4_it44,4,44,iii,0,1.5,1.0,,1,4294,3.7661
s4_it44,4,44,ii,1,1.25,1.0,,1,4733,3.7775
s4_it44,4,44,i,2,1.0,1.0,,0,4442,3.7889
s4_it45,4,45,ii,0,2.0,0.6667,,1,5375,3.8075
s4_it45,4,45,i,1,1.0,0.6667,,1,5110,3.8226
s4_it45,4,45,iii,2,1.3333,0.6667,,1,5565,3.8391
s4_it51,4,51,iii,0,1.0833,1.3333,,0,4987,3.8647
s4_it51,4,51,i,1,1.4167,1.3333,,1,5409,3.8859
s4_it51,4,51,ii,2,1.0833,1.3333,,0,6117,3.9073
s4_it54,4,54,i,0,1.8333,2.1667,,0,4810,3.9249
s4_it54,4,54,iii,1,1.8333,2.1667,,0,4750,3.9385
s4_it54,4,54,ii,2,1.8333,2.1667,,0,3686,3.95
s4_it57,4,57,iii,0,2.25,2.5,,0,4584,3.969
s4_it57,4,57,ii,1,1.75,2.5,,0,4475,3.9852
s4_it57,4,57,i,2,2.5,2.5,,0,4075,3.9982
s4_it58,4,58,i,0,2.1667,2.1667,,0,5097,4.0136
s4_it58,4,58,ii,1,2.1667,2.1667,,0,4752,4.0264
s4_it58,4,58,iii,2,1.8333,2.1667,,0,4792,4.0375
s4_it59,4,59,iii,0,2.25,2.25,,0,4460,4.0552
s4_it59,4,59,ii,1,2.25,2.25,,0,4872,4.0693
s4_it59,4,59,i,2,2.1667,2.25,,0,5941,4.0855
s4_it63,4,63,iii,0,1.0,0.75,,1,5035,4.1035
s4_it63,4,63,ii,1,0.75,0.75,,0,4692,4.1169
s4_it63,4,63,i,2,1.0,0.75,,1,4959,4.1315
s5_it2,5,2,i,0,2.2167,2.0167,,1,2740,4.1406
s5_it2,5,2,iii,1,1.9667,2.0167,,0,2083,4.1471
s5_it2,5,2,ii,2,2.0167,2.0167,,0,1931,4.1534
s5_it3,5,3,i,0,2.6667,2.6667,,0,2017,4.1605
s5_it3,5,3,iii,1,2.6667,2.6667,,0,2325,4.167
s5_it3,5,3,ii,2,1.6667,2.6667,,0,1712,4.1726
s5_it4,5,4,i_rep,0,2.3333,1.6667,,1,3761,4.1898
s5_it4,5,4,iii,1,1.6667,1.6667,,0,2728,4.2017
s5_it4,5,4,i,2,2.0,1.6667,,1,3605,4.2119
s5_it4,5,4,ii,3,2.3333,1.6667,,1,4171,4.2264
s5_it5,5,5,ii,0,1.75,1.75,,0,3807,4.2378
s5_it5,5,5,iii,1,1.75,1.75,,0,4061,4.2486
s5_it5,5,5,i,2,1.75,1.75,,0,3421,4.259
s5_it6,5,6,i,0,0.0,0.0,,0,2634,4.2767
s5_it6,5,6,ii,1,0.0,0.0,,0,3592,4.292
s5_it6,5,6,iii,2,0.0,0.0,,0,3466,4.3071
s5_it7,5,7,iii,0,1.9,1.4,,1,3024,4.3247
s5_it7,5,7,i_rep,1,1.4,1.4,,0,2846,4.339
s5_it7,5,7,ii,2,1.4,1.4,,0,3455,4.3548
s5_it7,5,7,i,3,1.9,1.4,,1,3147,4.3652
s5_it8,5,8,iii,0,2.8,2.8,,0,3817,4.3792
s5_it8,5,8,ii,1,2.6,2.8,,0,5168,4.3936
s5_it8,5,8,i_rep,2,2.4,2.8,,0,3166,4.4054
s5_it8,5,8,i,3,2.8,2.8,,0,3454,4.4137
s5_it11,5,11,i_rep,0,1.0,0.0,,1,1313,4.4236
s5_it11,5,11,i,1,0.0,0.0,,0,2021,4.431
s5_it11,5,11,iii,2,0.0,0.0,,0,1645,4.4393
s5_it11,5,11,ii,3,1.0,0.0,,1,2173,4.4475
s5_it12,5,12,ii,0,1.0,1.0,,0,3448,4.4604
s5_it12,5,12,iii,1,1.25,1.0,,1,3937,4.4729
s5_it12,5,12,i,2,1.25,1.0,,1,3753,4.4856
s5_it13,5,13,iii,0,1.8333,2.1667,,0,4233,4.5128
s5_it13,5,13,ii,1,1.8333,2.1667,,0,3560,4.5318
s5_it13,5,13,i,2,1.8333,2.1667,,0,4179,4.5546
s5_it19,5,19,ii,0,1.05,1.3,,0,4175,4.5732
s5_it19,5,19,i,1,0.85,1.3,,0,6212,4.5915
s5_it19,5,19,iii,2,1.05,1.3,,0,3319,4.6041
s5_it21,5,21,ii,0,2.5,2.5,,0,4371,4.6211
s5_it21,5,21,i,1,2.5,2.5,,0,4378,4.636
s5_it21,5,21,iii,2,2.5,2.5,,0,4333,4.6507
s5_it21,5,21,i_rep,3,1.0,2.5,,0,3699,4.6608
s5_it22,5,22,i,0,1.8333,1.3333,,1,3033,4.6726
s5_it22,5,22,iii,1,1.6667,1.3333,,1,3825,4.6839
s5_it22,5,22,ii,2,2.6667,1.3333,,1,3311,4.6925
s5_it22,5,22,i_rep,3,2.3333,1.3333,,1,3305,4.7004
s5_it25,5,25,ii,0,2.6667,2.6667,,0,3975,4.7114
s5_it25,5,25,i_rep,1,2.3333,2.6667,,0,3342,4.721
s5_it25,5,25,iii,2,2.3333,2.6667,,0,3147,4.7307
s5_it25,5,25,i,3,2.3333,2.6667,,0,3836,4.7391
s5_it29,5,29,i,0,1.1667,0.5833,,1,4898,4.7581
s5_it29,5,29,ii,1,0.5833,0.5833,,0,3617,4.7719
s5_it29,5,29,iii,2,0.5833,0.5833,,0,4218,4.787
s5_it30,5,30,ii,0,1.5833,1.25,,1,3047,4.8027
s5_it30,5,30,iii,1,1.25,1.25,,0,3480,4.8154
s5_it30,5,30,i,2,1.5,1.25,,1,3744,4.8287
s5_it35,5,35,ii,0,2.0,2.0,,0,4091,4.8554
s5_it35,5,35,iii,1,2.0,2.0,,0,3667,4.8745
s5_it35,5,35,i,2,2.0,2.0,,0,5032,4.8965
s5_it36,5,36,ii,0,2.5,2.5,,0,5679,4.9249
s5_it36,5,36,i,1,2.5,2.5,,0,3363,4.9451
s5_it36,5,36,iii,2,2.5,2.5,,0,4124,4.9656
s5_it40,5,40,ii,0,1.1667,1.6667,,0,4641,4.9843
s5_it40,5,40,iii,1,1.1667,1.6667,,0,6419,5.0041
s5_it40,5,40,i,2,1.6667,1.6667,,0,5744,5.0219
s5_it44,5,44,ii,0,1.0,1.0,,0,2465,5.0324
s5_it44,5,44,i,1,1.5,1.0,,1,3266,5.0438
s5_it44,5,44,iii,2,1.0,1.0,,0,2373,5.0532
s5_it46,5,46,iii,0,1.3333,1.6667,,0,4621,5.0706
s5_it46,5,46,i_rep,1,2.0,1.6667,,1,6062,5.0872
s5_it46,5,46,ii,2,1.6667,1.6667,,0,5762,5.1022
s5_it46,5,46,i,3,1.6667,1.6667,,0,4562,5.1134
s5_it48,5,48,iii,0,2.0,2.3333,,0,4799,5.1297
s5_it48,5,48,i,1,2.3333,2.3333,,0,4056,5.1432
s5_it48,5,48,ii,2,1.6667,2.3333,,0,3955,5.1542
s5_it50,5,50,i,0,1.4333,1.4333,,0,5120,5.1771
s5_it50,5,50,ii,1,1.4333,1.4333,,0,5862,5.1966
s5_it50,5,50,i_rep,2,1.4333,1.4333,,0,5722,5.2104
s5_it50,5,50,iii,3,1.4333,1.4333,,0,5947,5.2288
s5_it52,5,52,iii,0,1.25,1.5,,0,3659,5.2406
s5_it52,5,52,i,1,1.5,1.5,,0,3894,5.2514
s5_it52,5,52,ii,2,1.25,1.5,,0,3169,5.2606
s5_it52,5,52,i_rep,3,1.5,1.5,,0,4102,5.2692
s5_it53,5,53,ii,0,2.0,2.6667,,0,4212,5.2843
s5_it53,5,53,iii,1,1.6667,2.6667,,0,5135,5.2997
s5_it53,5,53,i,2,2.0,2.6667,,0,4422,5.3142
s5_it55,5,55,ii,0,1.5,1.75,,0,3430,5.3249
s5_it55,5,55,iii,1,1.75,1.75,,0,3951,5.3354
s5_it55,5,55,i,2,1.75,1.75,,0,3670,5.3462
s5_it61,5,61,iii,0,1.75,0.75,,1,4279,5.3644
s5_it61,5,61,i,1,0.75,0.75,,0,3914,5.3792
s5_it61,5,61,ii,2,1.75,0.75,,1,4412,5.3936
s5_it62,5,62,iii,0,1.3,0.9333,,1,4610,5.4127
s5_it62,5,62,ii,1,0.8,0.9333,,0,4537,5.4288
s5_it62,5,62,i,2,0.9333,0.9333,,0,3171,5.443
s5_it68,5,68,iii,0,1.4333,1.7667,,0,3947,5.46
s5_it68,5,68,ii,1,1.4333,1.7667,,0,4289,5.4735
s5_it68,5,68,i,2,1.7667,1.7667,,0,4078,5.4883
s6_it1,6,1,iii,0,0.5,0.5,,0,2757,5.519
s6_it1,6,1,ii,1,0.5,0.5,,0,3595,5.5425
s6_it1,6,1,i,2,1.5,0.5,,1,4015,5.5659
s6_it3,6,3,iii,0,1.4167,1.3333,,1,2785,5.5856
s6_it3,6,3,ii,1,1.25,1.3333,,0,2214,5.6005
s6_it3,6,3,i,2,1.0833,1.3333,,0,3947,5.6176
s6_it3,6,3,i_rep,3,1.5833,1.3333,,1,3784,5.63
s6_it4,6,4,i,0,1.5,1.5,,1,2852,5.6442
s6_it4,6,4,ii,1,1.8333,1.5,,1,3242,5.6559
s6_it4,6,4,i_rep,2,1.5,1.5,,1,3760,5.6653
s6_it4,6,4,iii,3,1.5,1.5,,1,2829,5.6764
s6_it5,6,5,i,0,0.9333,1.0667,,0,4984,5.6941
s6_it5,6,5,iii,1,1.2667,1.0667,,1,4810,5.7079
s6_it5,6,5,ii,2,2.2667,1.0667,,1,5276,5.7212
s6_it6,6,6,i,0,1.2,0.8,,1,3417,5.7342
s6_it6,6,6,iii,1,1.0,0.8,,1,2640,5.7439
s6_it6,6,6,ii,2,0.8,0.8,,0,3199,5.754
s6_it7,6,7,ii,0,2.6667,2.6667,,0,3880,5.767
s6_it7,6,7,i,1,2.6667,2.6667,,0,4293,5.779
s6_it7,6,7,iii,2,1.6667,2.6667,,0,5207,5.7928
s6_it11,6,11,i,0,2.0,1.0,,1,5440,5.8072
s6_it11,6,11,ii,1,1.0,1.0,,0,4335,5.8182
s6_it11,6,11,iii,2,1.0,1.0,,0,3901,5.8285
s6_it16,6,16,i,0,1.5833,1.25,,1,4548,5.8439
s6_it16,6,16,ii,1,1.25,1.25,,0,3583,5.8533
s6_it16,6,16,iii,2,1.5833,1.25,,1,5181,5.867
s6_it22,6,22,ii,0,2.0,2.0,,0,3660,5.8799
s6_it22,6,22,iii,1,2.0,2.0,,0,4676,5.8914
s6_it22,6,22,i,2,2.0,2.0,,0,5088,5.9045
s6_it26,6,26,ii,0,2.3333,2.0,,1,5893,5.9262
s6_it26,6,26,iii,1,1.6667,2.0,,0,5076,5.943
s6_it26,6,26,i,2,1.6667,2.0,,0,5693,5.9593
s6_it28,6,28,ii,0,1.3333,1.3333,,0,4754,5.9764
s6_it28,6,28,i_rep,1,1.6667,1.3333,,1,3914,5.9897
s6_it28,6,28,i,2,1.3333,1.3333,,0,4924,6.0016
s6_it28,6,28,iii,3,1.0,1.3333,,0,5185,6.0168
s6_it30,6,30,ii,0,1.0,1.0,,0,5031,6.0382
s6_it30,6,30,i,1,1.0,1.0,,0,5667,6.0574
s6_it30,6,30,iii,2,1.25,1.0,,1,6442,6.0751
s6_it31,6,31,iii,0,1.8333,1.8333,,0,4955,6.0935
s6_it31,6,31,ii,1,2.1667,1.8333,,1,5327,6.1072
s6_it31,6,31,i,2,2.1667,1.8333,,1,5019,6.1215
s6_it36,6,36,ii,0,1.8333,1.8333,,0,5800,6.2577
s6_it36,6,36,i,1,1.3333,1.8333,,0,4698,6.3371
s6_it36,6,36,iii,2,1.6667,1.8333,,0,5409,6.4168
s6_it38,6,38,iii,0,0.8333,0.8333,,0,6188,6.4369
s6_it38,6,38,i,1,0.8333,0.8333,,0,3675,6.449
s6_it38,6,38,ii,2,0.8333,0.8333,,0,4550,6.4611
s6_it40,6,40,i,0,1.75,1.75,,0,2353,6.4727
s6_it40,6,40,ii,1,2.25,1.75,,1,3532,6.4842
s6_it40,6,40,iii,2,1.75,1.75,,0,3011,6.4949
s6_it44,6,44,iii,0,1.5,1.4167,,1,5001,6.5133
s6_it44,6,44,i_rep,1,1.75,1.4167,,1,5278,6.5298
s6_it44,6,44,i,2,1.75,1.4167,,1,5529,6.5424
s6_it44,6,44,ii,3,1.4167,1.4167,,0,5019,6.5567
s6_it46,6,46,iii,0,2.75,2.75,,0,4608,6.5712
s6_it46,6,46,i,1,2.75,2.75,,0,4421,6.5842
s6_it46,6,46,ii,2,2.75,2.75,,0,4235,6.5962
s6_it47,6,47,ii,0,1.5,1.0,,1,2386,6.605
s6_it47,6,47,i,1,1.0,1.0,,0,2546,6.6128
s6_it47,6,47,iii,2,0.5,1.0,,0,1899,6.6193
s6_it51,6,51,iii,0,1.3333,1.3333,,0,6773,6.6407
s6_it51,6,51,ii,1,1.3333,1.3333,,0,6000,6.6575
s6_it51,6,51,i,2,1.3333,1.3333,,0,5556,6.6728
s6_it52,6,52,ii,0,1.5667,0.7833,,1,6017,6.6923
s6_it52,6,52,i_rep,1,1.2333,0.7833,,1,5838,6.708
s6_it52,6,52,i,2,1.0333,0.7833,,1,5913,6.725
s6_it52,6,52,iii,3,1.5667,0.7833,,1,4784,6.7395
s6_it53,6,53,iii,0,2.3333,1.8333,,1,4839,6.7566
s6_it53,6,53,ii,1,1.8333,1.8333,,0,4015,6.7691
s6_it53,6,53,i,2,2.3333,1.8333,,1,4328,6.7809
s6_it54,6,54,ii,0,1.9167,1.6667,,1,5647,6.7986
s6_it54,6,54,i,1,1.9167,1.6667,,1,4960,6.8122
s6_it54,6,54,iii,2,1.6667,1.6667,,0,5056,6.8253
s6_it54,6,54,i_rep,3,1.3333,1.6667,,0,4781,6.8367
s6_it59,6,59,iii,0,1.5,2.0,,0,3973,6.8809
s6_it59,6,59,i,1,1.5,2.0,,0,5541,6.9089
s6_it59,6,59,ii,2,1.5,2.0,,0,4660,6.9366
s6_it59,6,59,i_rep,3,1.25,2.0,,0,5718,6.9536
s7_it2,7,2,ii,0,1.1667,1.1667,,0,4321,6.9727
s7_it2,7,2,i,1,1.1667,1.1667,,0,3739,6.9882
s7_it2,7,2,iii,2,0.8333,1.1667,,0,3339,7.0029
s7_it3,7,3,i,0,1.5,1.1667,,1,1484,7.0124
s7_it3,7,3,ii,1,1.5,1.1667,,1,2743,7.0218
s7_it3,7,3,iii,2,1.5,1.1667,,1,2446,7.0302
s7_it6,7,6,iii,0,1.5,1.5,,0,5452,7.054
s7_it6,7,6,ii,1,1.5,1.5,,0,4754,7.0712
s7_it6,7,6,i,2,1.5,1.5,,0,2961,7.0865
s7_it7,7,7,iii,0,2.25,1.5,,1,2424,7.0945
s7_it7,7,7,ii,1,1.75,1.5,,1,2138,7.1007
s7_it7,7,7,i_rep,2,1.25,1.5,,0,2894,7.1093
s7_it7,7,7,i,3,1.5,1.5,,0,2252,7.1144
s7_it8,7,8,i,0,1.0,2.0,,0,3559,7.1281
s7_it8,7,8,ii,1,1.0,2.0,,0,3795,7.1387
s7_it8,7,8,iii,2,1.0,2.0,,0,4774,7.1509
s7_it14,7,14,iii,0,1.4333,2.1333,,0,3733,7.1747
s7_it14,7,14,ii,1,1.2333,2.1333,,0,4522,7.1952
s7_it14,7,14,i,2,1.4333,2.1333,,0,4495,7.215
s7_it15,7,15,i_rep,0,0.5,0.5,,0,3883,7.2313
s7_it15,7,15,i,1,0.8333,0.5,,1,4561,7.2426
s7_it15,7,15,iii,2,0.8333,0.5,,1,4575,7.2555
s7_it15,7,15,ii,3,1.1667,0.5,,1,6488,7.2718
s7_it19,7,19,i,0,2.0,1.0,,1,4410,7.2876
s7_it19,7,19,ii,1,2.0,1.0,,1,4840,7.3016
s7_it19,7,19,iii,2,2.0,1.0,,1,5284,7.3146
s7_it23,7,23,iii,0,0.3333,0.6667,,0,4561,7.3403
s7_it23,7,23,ii,1,0.9167,0.6667,,1,5585,7.3648
s7_it23,7,23,i,2,0.0,0.6667,,0,4608,7.3868
s7_it29,7,29,iii,0,1.6667,1.0,,1,2500,7.3993
s7_it29,7,29,i_rep,1,1.6667,1.0,,1,2551,7.4099
s7_it29,7,29,i,2,1.3333,1.0,,1,3442,7.4198
s7_it29,7,29,ii,3,1.3333,1.0,,1,3620,7.4315
s7_it30,7,30,i,0,1.1,1.4,,0,4648,7.4582
s7_it30,7,30,iii,1,1.6,1.4,,1,5240,7.4717
s7_it30,7,30,ii,2,1.6,1.4,,1,5103,7.4851
s7_it30,7,30,i_rep,3,1.4,1.4,,0,6396,7.5042
s7_it31,7,31,ii,0,2.0,2.0,,0,2494,7.5107
s7_it31,7,31,i,1,2.0,2.0,,0,2108,7.5165
s7_it31,7,31,iii,2,2.0,2.0,,0,2255,7.5223
s7_it38,7,38,iii,0,1.8333,1.25,,1,4863,7.6021
s7_it38,7,38,i,1,1.3333,1.25,,1,4371,7.6192
s7_it38,7,38,ii,2,0.5,1.25,,0,5114,7.6374
s7_it40,7,40,i,0,2.3333,1.8333,,1,4872,7.6532
s7_it40,7,40,iii,1,1.8333,1.8333,,0,6301,7.6675
s7_it40,7,40,ii,2,2.6667,1.8333,,1,4720,7.6811
s7_it40,7,40,i_rep,3,2.3333,1.8333,,1,4728,7.6935
s7_it42,7,42,ii,0,2.1333,1.1333,,1,3705,7.7101
s7_it42,7,42,iii,1,1.6333,1.1333,,1,4090,7.7234
s7_it42,7,42,i,2,2.1333,1.1333,,1,4669,7.7399
