batch_id,seed,iteration,parent_id,tercile,in_seed_repeat
s0_it2,0,2,0,0,0
s0_it4,0,4,1,0,1
s0_it6,0,6,1,0,0
s0_it8,0,8,1,0,0
s0_it11,0,11,1,0,0
s0_it19,0,19,7,1,0
s0_it21,0,21,9,1,1
s0_it23,0,23,9,1,0
s0_it26,0,26,0,1,0
s0_it27,0,27,2,1,1
s0_it30,0,30,5,2,0
s0_it31,0,31,5,2,0
s0_it33,0,33,12,2,1
s0_it37,0,37,6,2,0
s0_it40,0,40,1,2,0
s1_it1,1,1,0,0,1
s1_it9,1,9,0,0,0
s1_it10,1,10,2,0,0
s1_it11,1,11,2,0,0
s1_it12,1,12,2,0,1
s1_it16,1,16,6,1,1
s1_it19,1,19,5,1,0
s1_it20,1,20,7,1,1
s1_it24,1,24,0,1,1
s1_it26,1,26,5,2,1
s1_it27,1,27,5,2,0
s1_it28,1,28,6,2,1
s1_it32,1,32,0,2,0
s2_it4,2,4,2,0,0
s2_it7,2,7,0,0,0
s2_it8,2,8,2,0,0
s2_it11,2,11,2,0,0
s2_it14,2,14,0,0,1
s2_it15,2,15,2,1,1
s2_it18,2,18,0,1,0
s2_it22,2,22,3,1,1
s2_it24,2,24,5,1,1
s2_it28,2,28,6,1,1
s2_it29,2,29,6,2,1
s2_it36,2,36,0,2,0
s2_it37,2,37,1,2,1
s2_it38,2,38,11,2,0
s2_it40,2,40,6,2,0
s3_it2,3,2,0,0,0
s3_it10,3,10,2,0,0
s3_it11,3,11,0,0,0
s3_it12,3,12,2,0,0
s3_it14,3,14,2,0,1
s3_it18,3,18,1,1,0
s3_it20,3,20,0,1,0
s3_it21,3,21,4,1,0
s3_it24,3,24,4,1,0
s3_it26,3,26,2,1,1
s3_it31,3,31,7,2,0
s3_it35,3,35,0,2,0
s3_it39,3,39,10,2,0
s3_it40,3,40,11,2,0
s3_it42,3,42,0,2,1
s4_it2,4,2,0,0,1
s4_it4,4,4,0,0,0
s4_it12,4,12,0,0,1
s4_it13,4,13,0,0,1
s4_it14,4,14,1,0,1
s4_it15,4,15,1,0,0
s4_it17,4,17,2,0,0
s4_it19,4,19,0,0,0
s4_it25,4,25,4,1,0
s4_it29,4,29,4,1,1
s4_it35,4,35,1,1,0
s4_it38,4,38,3,1,0
s4_it39,4,39,3,1,1
s4_it40,4,40,6,1,1
s4_it41,4,41,3,1,0
s4_it43,4,43,8,1,0
s4_it44,4,44,3,2,0
s4_it45,4,45,2,2,0
s4_it51,4,51,6,2,0
s4_it54,4,54,11,2,0
s4_it57,4,57,11,2,0
s4_it58,4,58,8,2,0
s4_it59,4,59,3,2,0
s4_it63,4,63,3,2,0
s5_it2,5,2,0,0,0
s5_it3,5,3,0,0,0
s5_it4,5,4,2,0,1
s5_it5,5,5,1,0,0
s5_it6,5,6,0,0,0
s5_it7,5,7,0,0,1
s5_it8,5,8,2,0,1
s5_it11,5,11,0,0,1
s5_it12,5,12,1,0,0
s5_it13,5,13,1,0,0
s5_it19,5,19,4,0,0
s5_it21,5,21,4,0,1
s5_it22,5,22,2,0,1
s5_it25,5,25,4,1,1
s5_it29,5,29,5,1,0
s5_it30,5,30,1,1,0
s5_it35,5,35,1,1,0
s5_it36,5,36,5,1,0
s5_it40,5,40,8,1,0
s5_it44,5,44,0,1,0
s5_it46,5,46,10,1,1
s5_it48,5,48,3,2,0
s5_it50,5,50,8,2,1
s5_it52,5,52,10,2,1
s5_it53,5,53,3,2,0
s5_it55,5,55,2,2,0
s5_it61,5,61,3,2,0
s5_it62,5,62,1,2,0
s5_it68,5,68,7,2,0
s6_it1,6,1,0,0,0
s6_it3,6,3,0,0,1
s6_it4,6,4,0,0,1
s6_it5,6,5,1,0,0
s6_it6,6,6,0,0,0
s6_it7,6,7,1,0,0
s6_it11,6,11,3,0,0
s6_it16,6,16,2,0,0
s6_it22,6,22,4,1,0
s6_it26,6,26,2,1,0
s6_it28,6,28,2,1,1
s6_it30,6,30,6,1,0
s6_it31,6,31,4,1,0
s6_it36,6,36,7,1,0
s6_it38,6,38,6,1,0
s6_it40,6,40,0,1,0
s6_it44,6,44,6,2,1
s6_it46,6,46,11,2,0
s6_it47,6,47,0,2,0
s6_it51,6,51,10,2,0
s6_it52,6,52,6,2,1
s6_it53,6,53,6,2,0
s6_it54,6,54,1,2,1
s6_it59,6,59,1,2,1
s7_it2,7,2,0,0,0
s7_it3,7,3,0,0,0
s7_it6,7,6,1,0,0
s7_it7,7,7,0,0,1
s7_it8,7,8,1,0,0
s7_it14,7,14,2,1,0
s7_it15,7,15,5,1,1
s7_it19,7,19,2,1,0
s7_it23,7,23,5,1,0
s7_it29,7,29,0,1,1
s7_it30,7,30,7,2,1
s7_it31,7,31,0,2,0
s7_it38,7,38,7,2,0
s7_it40,7,40,8,2,1
s7_it42,7,42,13,2,0
